=== Building ===
ninja: Entering directory `/home/hurricane/private/code/Rut/build'
[1/84] Building CXX object tests/CMakeFiles/test_io_uring_memlock.dir/test_io_uring_memlock.cc.o
[2/84] Building CXX object src/CMakeFiles/rut_harness_runtime.dir/harness/connection_execution.cc.o
[3/84] Building CXX object src/CMakeFiles/rut_harness_runtime.dir/harness/handler_execution.cc.o
[4/84] Building CXX object src/CMakeFiles/rut-simulate.dir/sim/main.cc.o
In file included from /home/hurricane/private/code/Rut/src/sim/main.cc:4:
In file included from /home/hurricane/private/code/Rut/include/rut/sim/simulate_engine.h:4:
In file included from /home/hurricane/private/code/Rut/include/rut/compiler/rir.h:7:
/home/hurricane/private/code/Rut/include/rut/common/rate_limit_key_spec.h:130:21: warning: enumeration values 'Ip', 'Query', and 'Param' not explicitly handled in switch [-Wswitch-enum]
  130 |             switch (k.comps[j].kind) {
      |                     ^~~~~~~~~~~~~~~
1 warning generated.
[5/84] Building CXX object src/CMakeFiles/rut_harness_runtime.dir/harness/scenario_driver.cc.o
In file included from /home/hurricane/private/code/Rut/src/harness/scenario_driver.cc:1:
In file included from /home/hurricane/private/code/Rut/include/rut/harness/scenario_driver.h:6:
In file included from /home/hurricane/private/code/Rut/include/rut/harness/source_target.h:4:
In file included from /home/hurricane/private/code/Rut/include/rut/serve_loader.h:27:
In file included from /home/hurricane/private/code/Rut/include/rut/compiler/lower_rir.h:4:
In file included from /home/hurricane/private/code/Rut/include/rut/compiler/mir.h:6:
/home/hurricane/private/code/Rut/include/rut/common/rate_limit_key_spec.h:130:21: warning: enumeration values 'Ip', 'Query', and 'Param' not explicitly handled in switch [-Wswitch-enum]
  130 |             switch (k.comps[j].kind) {
      |                     ^~~~~~~~~~~~~~~
In file included from /home/hurricane/private/code/Rut/src/harness/scenario_driver.cc:1:
In file included from /home/hurricane/private/code/Rut/include/rut/harness/scenario_driver.h:6:
In file included from /home/hurricane/private/code/Rut/include/rut/harness/source_target.h:4:
In file included from /home/hurricane/private/code/Rut/include/rut/serve_loader.h:27:
In file included from /home/hurricane/private/code/Rut/include/rut/compiler/lower_rir.h:4:
In file included from /home/hurricane/private/code/Rut/include/rut/compiler/mir.h:13:
/home/hurricane/private/code/Rut/include/rut/compiler/ast.h:1067:21: warning: enumeration values 'Upstream', 'Import', and 'Using' not explicitly handled in switch [-Wswitch-enum]
 1067 |             switch (items[i].kind) {
      |                     ^~~~~~~~~~~~~
2 warnings generated.
[6/84] Building CXX object src/CMakeFiles/rut_simulate.dir/sim/simulate_engine.cc.o
In file included from /home/hurricane/private/code/Rut/src/sim/simulate_engine.cc:1:
In file included from /home/hurricane/private/code/Rut/include/rut/sim/simulate_engine.h:4:
In file included from /home/hurricane/private/code/Rut/include/rut/compiler/rir.h:7:
/home/hurricane/private/code/Rut/include/rut/common/rate_limit_key_spec.h:130:21: warning: enumeration values 'Ip', 'Query', and 'Param' not explicitly handled in switch [-Wswitch-enum]
  130 |             switch (k.comps[j].kind) {
      |                     ^~~~~~~~~~~~~~~
In file included from /home/hurricane/private/code/Rut/src/sim/simulate_engine.cc:5:
/home/hurricane/private/code/Rut/include/rut/compiler/rir_builder.h:221:13: warning: '__COUNTER__' is a C2y extension [-Wc2y-extensions]
  221 |             TRY_VOID(grow_blocks(fn));
      |             ^
/home/hurricane/private/code/Rut/include/core/expected.h:453:44: note: expanded from macro 'TRY_VOID'
  453 | #define TRY_VOID(expr) TRY_VOID_IMPL(expr, __COUNTER__)
      |                                            ^
In file included from /home/hurricane/private/code/Rut/src/sim/simulate_engine.cc:5:
/home/hurricane/private/code/Rut/include/rut/compiler/rir_builder.h:341:13: warning: '__COUNTER__' is a C2y extension [-Wc2y-extensions]
  341 |             TRY_VOID(grow_insts(cur_block));
      |             ^
/home/hurricane/private/code/Rut/include/core/expected.h:453:44: note: expanded from macro 'TRY_VOID'
  453 | #define TRY_VOID(expr) TRY_VOID_IMPL(expr, __COUNTER__)
      |                                            ^
In file included from /home/hurricane/private/code/Rut/src/sim/simulate_engine.cc:5:
/home/hurricane/private/code/Rut/include/rut/compiler/rir_builder.h:347:17: warning: '__COUNTER__' is a C2y extension [-Wc2y-extensions]
  347 |                 TRY_VOID(grow_values(cur_func));
      |                 ^
/home/hurricane/private/code/Rut/include/core/expected.h:453:44: note: expanded from macro 'TRY_VOID'
  453 | #define TRY_VOID(expr) TRY_VOID_IMPL(expr, __COUNTER__)
      |                                            ^
In file included from /home/hurricane/private/code/Rut/src/sim/simulate_engine.cc:5:
/home/hurricane/private/code/Rut/include/rut/compiler/rir_builder.h:404:20: warning: '__COUNTER__' is a C2y extension [-Wc2y-extensions]
  404 |         auto* ty = TRY(make_type(TypeKind::Str));
      |                    ^
/home/hurricane/private/code/Rut/include/core/expected.h:450:34: note: expanded from macro 'TRY'
  450 | #define TRY(expr) TRY_IMPL(expr, __COUNTER__)
      |                                  ^
In file included from /home/hurricane/private/code/Rut/src/sim/simulate_engine.cc:5:
/home/hurricane/private/code/Rut/include/rut/compiler/rir_builder.h:405:28: warning: '__COUNTER__' is a C2y extension [-Wc2y-extensions]
  405 |         auto [inst, vid] = TRY(emit(Opcode::ConstStr, ty, loc));
      |                            ^
/home/hurricane/private/code/Rut/include/core/expected.h:450:34: note: expanded from macro 'TRY'
  450 | #define TRY(expr) TRY_IMPL(expr, __COUNTER__)
      |                                  ^
In file included from /home/hurricane/private/code/Rut/src/sim/simulate_engine.cc:5:
/home/hurricane/private/code/Rut/include/rut/compiler/rir_builder.h:411:20: warning: '__COUNTER__' is a C2y extension [-Wc2y-extensions]
  411 |         auto* ty = TRY(make_type(TypeKind::I32));
      |                    ^
/home/hurricane/private/code/Rut/include/core/expected.h:450:34: note: expanded from macro 'TRY'
  450 | #define TRY(expr) TRY_IMPL(expr, __COUNTER__)
      |                                  ^
In file included from /home/hurricane/private/code/Rut/src/sim/simulate_engine.cc:5:
/home/hurricane/private/code/Rut/include/rut/compiler/rir_builder.h:412:28: warning: '__COUNTER__' is a C2y extension [-Wc2y-extensions]
  412 |         auto [inst, vid] = TRY(emit(Opcode::ConstI32, ty, loc));
      |                            ^
/home/hurricane/private/code/Rut/include/core/expected.h:450:34: note: expanded from macro 'TRY'
  450 | #define TRY(expr) TRY_IMPL(expr, __COUNTER__)
      |                                  ^
In file included from /home/hurricane/private/code/Rut/src/sim/simulate_engine.cc:5:
/home/hurricane/private/code/Rut/include/rut/compiler/rir_builder.h:418:20: warning: '__COUNTER__' is a C2y extension [-Wc2y-extensions]
  418 |         auto* ty = TRY(make_type(TypeKind::I64));
      |                    ^
/home/hurricane/private/code/Rut/include/core/expected.h:450:34: note: expanded from macro 'TRY'
  450 | #define TRY(expr) TRY_IMPL(expr, __COUNTER__)
      |                                  ^
In file included from /home/hurricane/private/code/Rut/src/sim/simulate_engine.cc:5:
/home/hurricane/private/code/Rut/include/rut/compiler/rir_builder.h:419:28: warning: '__COUNTER__' is a C2y extension [-Wc2y-extensions]
  419 |         auto [inst, vid] = TRY(emit(Opcode::ConstI64, ty, loc));
      |                            ^
/home/hurricane/private/code/Rut/include/core/expected.h:450:34: note: expanded from macro 'TRY'
  450 | #define TRY(expr) TRY_IMPL(expr, __COUNTER__)
      |                                  ^
In file included from /home/hurricane/private/code/Rut/src/sim/simulate_engine.cc:5:
/home/hurricane/private/code/Rut/include/rut/compiler/rir_builder.h:425:20: warning: '__COUNTER__' is a C2y extension [-Wc2y-extensions]
  425 |         auto* ty = TRY(make_type(TypeKind::Bool));
      |                    ^
/home/hurricane/private/code/Rut/include/core/expected.h:450:34: note: expanded from macro 'TRY'
  450 | #define TRY(expr) TRY_IMPL(expr, __COUNTER__)
      |                                  ^
In file included from /home/hurricane/private/code/Rut/src/sim/simulate_engine.cc:5:
/home/hurricane/private/code/Rut/include/rut/compiler/rir_builder.h:426:28: warning: '__COUNTER__' is a C2y extension [-Wc2y-extensions]
  426 |         auto [inst, vid] = TRY(emit(Opcode::ConstBool, ty, loc));
      |                            ^
/home/hurricane/private/code/Rut/include/core/expected.h:450:34: note: expanded from macro 'TRY'
  450 | #define TRY(expr) TRY_IMPL(expr, __COUNTER__)
      |                                  ^
In file included from /home/hurricane/private/code/Rut/src/sim/simulate_engine.cc:5:
/home/hurricane/private/code/Rut/include/rut/compiler/rir_builder.h:432:20: warning: '__COUNTER__' is a C2y extension [-Wc2y-extensions]
  432 |         auto* ty = TRY(make_type(TypeKind::Duration));
      |                    ^
/home/hurricane/private/code/Rut/include/core/expected.h:450:34: note: expanded from macro 'TRY'
  450 | #define TRY(expr) TRY_IMPL(expr, __COUNTER__)
      |                                  ^
In file included from /home/hurricane/private/code/Rut/src/sim/simulate_engine.cc:5:
/home/hurricane/private/code/Rut/include/rut/compiler/rir_builder.h:433:28: warning: '__COUNTER__' is a C2y extension [-Wc2y-extensions]
  433 |         auto [inst, vid] = TRY(emit(Opcode::ConstDuration, ty, loc));
      |                            ^
/home/hurricane/private/code/Rut/include/core/expected.h:450:34: note: expanded from macro 'TRY'
  450 | #define TRY(expr) TRY_IMPL(expr, __COUNTER__)
      |                                  ^
In file included from /home/hurricane/private/code/Rut/src/sim/simulate_engine.cc:5:
/home/hurricane/private/code/Rut/include/rut/compiler/rir_builder.h:439:20: warning: '__COUNTER__' is a C2y extension [-Wc2y-extensions]
  439 |         auto* ty = TRY(make_type(TypeKind::ByteSize));
      |                    ^
/home/hurricane/private/code/Rut/include/core/expected.h:450:34: note: expanded from macro 'TRY'
  450 | #define TRY(expr) TRY_IMPL(expr, __COUNTER__)
      |                                  ^
In file included from /home/hurricane/private/code/Rut/src/sim/simulate_engine.cc:5:
/home/hurricane/private/code/Rut/include/rut/compiler/rir_builder.h:440:28: warning: '__COUNTER__' is a C2y extension [-Wc2y-extensions]
  440 |         auto [inst, vid] = TRY(emit(Opcode::ConstByteSize, ty, loc));
      |                            ^
/home/hurricane/private/code/Rut/include/core/expected.h:450:34: note: expanded from macro 'TRY'
  450 | #define TRY(expr) TRY_IMPL(expr, __COUNTER__)
      |                                  ^
In file included from /home/hurricane/private/code/Rut/src/sim/simulate_engine.cc:5:
/home/hurricane/private/code/Rut/include/rut/compiler/rir_builder.h:446:20: warning: '__COUNTER__' is a C2y extension [-Wc2y-extensions]
  446 |         auto* ty = TRY(make_type(TypeKind::Method));
      |                    ^
/home/hurricane/private/code/Rut/include/core/expected.h:450:34: note: expanded from macro 'TRY'
  450 | #define TRY(expr) TRY_IMPL(expr, __COUNTER__)
      |                                  ^
In file included from /home/hurricane/private/code/Rut/src/sim/simulate_engine.cc:5:
/home/hurricane/private/code/Rut/include/rut/compiler/rir_builder.h:447:28: warning: '__COUNTER__' is a C2y extension [-Wc2y-extensions]
  447 |         auto [inst, vid] = TRY(emit(Opcode::ConstMethod, ty, loc));
      |                            ^
/home/hurricane/private/code/Rut/include/core/expected.h:450:34: note: expanded from macro 'TRY'
  450 | #define TRY(expr) TRY_IMPL(expr, __COUNTER__)
      |                                  ^
In file included from /home/hurricane/private/code/Rut/src/sim/simulate_engine.cc:5:
/home/hurricane/private/code/Rut/include/rut/compiler/rir_builder.h:453:20: warning: '__COUNTER__' is a C2y extension [-Wc2y-extensions]
  453 |         auto* ty = TRY(make_type(TypeKind::StatusCode));
      |                    ^
/home/hurricane/private/code/Rut/include/core/expected.h:450:34: note: expanded from macro 'TRY'
  450 | #define TRY(expr) TRY_IMPL(expr, __COUNTER__)
      |                                  ^
In file included from /home/hurricane/private/code/Rut/src/sim/simulate_engine.cc:5:
/home/hurricane/private/code/Rut/include/rut/compiler/rir_builder.h:454:28: warning: '__COUNTER__' is a C2y extension [-Wc2y-extensions]
  454 |         auto [inst, vid] = TRY(emit(Opcode::ConstStatus, ty, loc));
      |                            ^
/home/hurricane/private/code/Rut/include/core/expected.h:450:34: note: expanded from macro 'TRY'
  450 | #define TRY(expr) TRY_IMPL(expr, __COUNTER__)
      |                                  ^
In file included from /home/hurricane/private/code/Rut/src/sim/simulate_engine.cc:5:
/home/hurricane/private/code/Rut/include/rut/compiler/rir_builder.h:462:23: warning: '__COUNTER__' is a C2y extension [-Wc2y-extensions]
  462 |         auto* inner = TRY(make_type(TypeKind::Str));
      |                       ^
/home/hurricane/private/code/Rut/include/core/expected.h:450:34: note: expanded from macro 'TRY'
  450 | #define TRY(expr) TRY_IMPL(expr, __COUNTER__)
      |                                  ^
In file included from /home/hurricane/private/code/Rut/src/sim/simulate_engine.cc:5:
/home/hurricane/private/code/Rut/include/rut/compiler/rir_builder.h:463:20: warning: '__COUNTER__' is a C2y extension [-Wc2y-extensions]
  463 |         auto* ty = TRY(make_type(TypeKind::Optional, inner));
      |                    ^
/home/hurricane/private/code/Rut/include/core/expected.h:450:34: note: expanded from macro 'TRY'
  450 | #define TRY(expr) TRY_IMPL(expr, __COUNTER__)
      |                                  ^
In file included from /home/hurricane/private/code/Rut/src/sim/simulate_engine.cc:5:
/home/hurricane/private/code/Rut/include/rut/compiler/rir_builder.h:464:28: warning: '__COUNTER__' is a C2y extension [-Wc2y-extensions]
  464 |         auto [inst, vid] = TRY(emit(Opcode::ReqHeader, ty, loc));
      |                            ^
/home/hurricane/private/code/Rut/include/core/expected.h:450:34: note: expanded from macro 'TRY'
  450 | #define TRY(expr) TRY_IMPL(expr, __COUNTER__)
      |                                  ^
In file included from /home/hurricane/private/code/Rut/src/sim/simulate_engine.cc:5:
/home/hurricane/private/code/Rut/include/rut/compiler/rir_builder.h:470:20: warning: '__COUNTER__' is a C2y extension [-Wc2y-extensions]
  470 |         auto* ty = TRY(make_type(TypeKind::Str));
      |                    ^
/home/hurricane/private/code/Rut/include/core/expected.h:450:34: note: expanded from macro 'TRY'
  450 | #define TRY(expr) TRY_IMPL(expr, __COUNTER__)
      |                                  ^
In file included from /home/hurricane/private/code/Rut/src/sim/simulate_engine.cc:5:
/home/hurricane/private/code/Rut/include/rut/compiler/rir_builder.h:471:28: warning: '__COUNTER__' is a C2y extension [-Wc2y-extensions]
  471 |         auto [inst, vid] = TRY(emit(Opcode::ReqParam, ty, loc));
      |                            ^
/home/hurricane/private/code/Rut/include/core/expected.h:450:34: note: expanded from macro 'TRY'
  450 | #define TRY(expr) TRY_IMPL(expr, __COUNTER__)
      |                                  ^
In file included from /home/hurricane/private/code/Rut/src/sim/simulate_engine.cc:5:
/home/hurricane/private/code/Rut/include/rut/compiler/rir_builder.h:477:20: warning: '__COUNTER__' is a C2y extension [-Wc2y-extensions]
  477 |         auto* ty = TRY(make_type(TypeKind::Method));
      |                    ^
/home/hurricane/private/code/Rut/include/core/expected.h:450:34: note: expanded from macro 'TRY'
  450 | #define TRY(expr) TRY_IMPL(expr, __COUNTER__)
      |                                  ^
In file included from /home/hurricane/private/code/Rut/src/sim/simulate_engine.cc:5:
/home/hurricane/private/code/Rut/include/rut/compiler/rir_builder.h:478:16: warning: '__COUNTER__' is a C2y extension [-Wc2y-extensions]
  478 |         return TRY(emit(Opcode::ReqMethod, ty, loc)).vid;
      |                ^
/home/hurricane/private/code/Rut/include/core/expected.h:450:34: note: expanded from macro 'TRY'
  450 | #define TRY(expr) TRY_IMPL(expr, __COUNTER__)
      |                                  ^
In file included from /home/hurricane/private/code/Rut/src/sim/simulate_engine.cc:5:
/home/hurricane/private/code/Rut/include/rut/compiler/rir_builder.h:482:20: warning: '__COUNTER__' is a C2y extension [-Wc2y-extensions]
  482 |         auto* ty = TRY(make_type(TypeKind::Str));
      |                    ^
/home/hurricane/private/code/Rut/include/core/expected.h:450:34: note: expanded from macro 'TRY'
  450 | #define TRY(expr) TRY_IMPL(expr, __COUNTER__)
      |                                  ^
In file included from /home/hurricane/private/code/Rut/src/sim/simulate_engine.cc:5:
/home/hurricane/private/code/Rut/include/rut/compiler/rir_builder.h:483:16: warning: '__COUNTER__' is a C2y extension [-Wc2y-extensions]
  483 |         return TRY(emit(Opcode::ReqPath, ty, loc)).vid;
      |                ^
/home/hurricane/private/code/Rut/include/core/expected.h:450:34: note: expanded from macro 'TRY'
  450 | #define TRY(expr) TRY_IMPL(expr, __COUNTER__)
      |                                  ^
In file included from /home/hurricane/private/code/Rut/src/sim/simulate_engine.cc:5:
/home/hurricane/private/code/Rut/include/rut/compiler/rir_builder.h:487:20: warning: '__COUNTER__' is a C2y extension [-Wc2y-extensions]
  487 |         auto* ty = TRY(make_type(TypeKind::Str));
      |                    ^
/home/hurricane/private/code/Rut/include/core/expected.h:450:34: note: expanded from macro 'TRY'
  450 | #define TRY(expr) TRY_IMPL(expr, __COUNTER__)
      |                                  ^
In file included from /home/hurricane/private/code/Rut/src/sim/simulate_engine.cc:5:
/home/hurricane/private/code/Rut/include/rut/compiler/rir_builder.h:488:16: warning: '__COUNTER__' is a C2y extension [-Wc2y-extensions]
  488 |         return TRY(emit(Opcode::ReqPathOnly, ty, loc)).vid;
      |                ^
/home/hurricane/private/code/Rut/include/core/expected.h:450:34: note: expanded from macro 'TRY'
  450 | #define TRY(expr) TRY_IMPL(expr, __COUNTER__)
      |                                  ^
In file included from /home/hurricane/private/code/Rut/src/sim/simulate_engine.cc:5:
/home/hurricane/private/code/Rut/include/rut/compiler/rir_builder.h:492:20: warning: '__COUNTER__' is a C2y extension [-Wc2y-extensions]
  492 |         auto* ty = TRY(make_type(TypeKind::Str));
      |                    ^
/home/hurricane/private/code/Rut/include/core/expected.h:450:34: note: expanded from macro 'TRY'
  450 | #define TRY(expr) TRY_IMPL(expr, __COUNTER__)
      |                                  ^
In file included from /home/hurricane/private/code/Rut/src/sim/simulate_engine.cc:5:
/home/hurricane/private/code/Rut/include/rut/compiler/rir_builder.h:493:16: warning: '__COUNTER__' is a C2y extension [-Wc2y-extensions]
  493 |         return TRY(emit(Opcode::ReqBody, ty, loc)).vid;
      |                ^
/home/hurricane/private/code/Rut/include/core/expected.h:450:34: note: expanded from macro 'TRY'
  450 | #define TRY(expr) TRY_IMPL(expr, __COUNTER__)
      |                                  ^
In file included from /home/hurricane/private/code/Rut/src/sim/simulate_engine.cc:5:
/home/hurricane/private/code/Rut/include/rut/compiler/rir_builder.h:497:20: warning: '__COUNTER__' is a C2y extension [-Wc2y-extensions]
  497 |         auto* ty = TRY(make_type(TypeKind::Bool));
      |                    ^
/home/hurricane/private/code/Rut/include/core/expected.h:450:34: note: expanded from macro 'TRY'
  450 | #define TRY(expr) TRY_IMPL(expr, __COUNTER__)
      |                                  ^
In file included from /home/hurricane/private/code/Rut/src/sim/simulate_engine.cc:5:
/home/hurricane/private/code/Rut/include/rut/compiler/rir_builder.h:498:16: warning: '__COUNTER__' is a C2y extension [-Wc2y-extensions]
  498 |         return TRY(emit(Opcode::ReqKeepAlive, ty, loc)).vid;
      |                ^
/home/hurricane/private/code/Rut/include/core/expected.h:450:34: note: expanded from macro 'TRY'
  450 | #define TRY(expr) TRY_IMPL(expr, __COUNTER__)
      |                                  ^
In file included from /home/hurricane/private/code/Rut/src/sim/simulate_engine.cc:5:
/home/hurricane/private/code/Rut/include/rut/compiler/rir_builder.h:502:20: warning: '__COUNTER__' is a C2y extension [-Wc2y-extensions]
  502 |         auto* ty = TRY(make_type(TypeKind::Bool));
      |                    ^
/home/hurricane/private/code/Rut/include/core/expected.h:450:34: note: expanded from macro 'TRY'
  450 | #define TRY(expr) TRY_IMPL(expr, __COUNTER__)
      |                                  ^
In file included from /home/hurricane/private/code/Rut/src/sim/simulate_engine.cc:5:
/home/hurricane/private/code/Rut/include/rut/compiler/rir_builder.h:503:16: warning: '__COUNTER__' is a C2y extension [-Wc2y-extensions]
  503 |         return TRY(emit(Opcode::ReqChunked, ty, loc)).vid;
      |                ^
/home/hurricane/private/code/Rut/include/core/expected.h:450:34: note: expanded from macro 'TRY'
  450 | #define TRY(expr) TRY_IMPL(expr, __COUNTER__)
      |                                  ^
In file included from /home/hurricane/private/code/Rut/src/sim/simulate_engine.cc:5:
/home/hurricane/private/code/Rut/include/rut/compiler/rir_builder.h:507:20: warning: '__COUNTER__' is a C2y extension [-Wc2y-extensions]
  507 |         auto* ty = TRY(make_type(TypeKind::Bool));
      |                    ^
/home/hurricane/private/code/Rut/include/core/expected.h:450:34: note: expanded from macro 'TRY'
  450 | #define TRY(expr) TRY_IMPL(expr, __COUNTER__)
      |                                  ^
In file included from /home/hurricane/private/code/Rut/src/sim/simulate_engine.cc:5:
/home/hurricane/private/code/Rut/include/rut/compiler/rir_builder.h:508:16: warning: '__COUNTER__' is a C2y extension [-Wc2y-extensions]
  508 |         return TRY(emit(Opcode::ReqHasContentLength, ty, loc)).vid;
      |                ^
/home/hurricane/private/code/Rut/include/core/expected.h:450:34: note: expanded from macro 'TRY'
  450 | #define TRY(expr) TRY_IMPL(expr, __COUNTER__)
      |                                  ^
In file included from /home/hurricane/private/code/Rut/src/sim/simulate_engine.cc:5:
/home/hurricane/private/code/Rut/include/rut/compiler/rir_builder.h:512:20: warning: '__COUNTER__' is a C2y extension [-Wc2y-extensions]
  512 |         auto* ty = TRY(make_type(TypeKind::Bool));
      |                    ^
/home/hurricane/private/code/Rut/include/core/expected.h:450:34: note: expanded from macro 'TRY'
  450 | #define TRY(expr) TRY_IMPL(expr, __COUNTER__)
      |                                  ^
In file included from /home/hurricane/private/code/Rut/src/sim/simulate_engine.cc:5:
/home/hurricane/private/code/Rut/include/rut/compiler/rir_builder.h:513:16: warning: '__COUNTER__' is a C2y extension [-Wc2y-extensions]
  513 |         return TRY(emit(Opcode::ReqHttp10, ty, loc)).vid;
      |                ^
/home/hurricane/private/code/Rut/include/core/expected.h:450:34: note: expanded from macro 'TRY'
  450 | #define TRY(expr) TRY_IMPL(expr, __COUNTER__)
      |                                  ^
In file included from /home/hurricane/private/code/Rut/src/sim/simulate_engine.cc:5:
/home/hurricane/private/code/Rut/include/rut/compiler/rir_builder.h:517:20: warning: '__COUNTER__' is a C2y extension [-Wc2y-extensions]
  517 |         auto* ty = TRY(make_type(TypeKind::Bool));
      |                    ^
/home/hurricane/private/code/Rut/include/core/expected.h:450:34: note: expanded from macro 'TRY'
  450 | #define TRY(expr) TRY_IMPL(expr, __COUNTER__)
      |                                  ^
In file included from /home/hurricane/private/code/Rut/src/sim/simulate_engine.cc:5:
/home/hurricane/private/code/Rut/include/rut/compiler/rir_builder.h:518:16: warning: '__COUNTER__' is a C2y extension [-Wc2y-extensions]
  518 |         return TRY(emit(Opcode::ReqHttp11, ty, loc)).vid;
      |                ^
/home/hurricane/private/code/Rut/include/core/expected.h:450:34: note: expanded from macro 'TRY'
  450 | #define TRY(expr) TRY_IMPL(expr, __COUNTER__)
      |                                  ^
In file included from /home/hurricane/private/code/Rut/src/sim/simulate_engine.cc:5:
/home/hurricane/private/code/Rut/include/rut/compiler/rir_builder.h:522:20: warning: '__COUNTER__' is a C2y extension [-Wc2y-extensions]
  522 |         auto* ty = TRY(make_type(TypeKind::Str));
      |                    ^
/home/hurricane/private/code/Rut/include/core/expected.h:450:34: note: expanded from macro 'TRY'
  450 | #define TRY(expr) TRY_IMPL(expr, __COUNTER__)
      |                                  ^
In file included from /home/hurricane/private/code/Rut/src/sim/simulate_engine.cc:5:
/home/hurricane/private/code/Rut/include/rut/compiler/rir_builder.h:523:16: warning: '__COUNTER__' is a C2y extension [-Wc2y-extensions]
  523 |         return TRY(emit(Opcode::ReqHttpVersion, ty, loc)).vid;
      |                ^
/home/hurricane/private/code/Rut/include/core/expected.h:450:34: note: expanded from macro 'TRY'
  450 | #define TRY(expr) TRY_IMPL(expr, __COUNTER__)
      |                                  ^
In file included from /home/hurricane/private/code/Rut/src/sim/simulate_engine.cc:5:
/home/hurricane/private/code/Rut/include/rut/compiler/rir_builder.h:527:20: warning: '__COUNTER__' is a C2y extension [-Wc2y-extensions]
  527 |         auto* ty = TRY(make_type(TypeKind::I32));
      |                    ^
/home/hurricane/private/code/Rut/include/core/expected.h:450:34: note: expanded from macro 'TRY'
  450 | #define TRY(expr) TRY_IMPL(expr, __COUNTER__)
      |                                  ^
In file included from /home/hurricane/private/code/Rut/src/sim/simulate_engine.cc:5:
/home/hurricane/private/code/Rut/include/rut/compiler/rir_builder.h:528:16: warning: '__COUNTER__' is a C2y extension [-Wc2y-extensions]
  528 |         return TRY(emit(Opcode::ResumeEventKind, ty, loc)).vid;
      |                ^
/home/hurricane/private/code/Rut/include/core/expected.h:450:34: note: expanded from macro 'TRY'
  450 | #define TRY(expr) TRY_IMPL(expr, __COUNTER__)
      |                                  ^
In file included from /home/hurricane/private/code/Rut/src/sim/simulate_engine.cc:5:
/home/hurricane/private/code/Rut/include/rut/compiler/rir_builder.h:532:20: warning: '__COUNTER__' is a C2y extension [-Wc2y-extensions]
  532 |         auto* ty = TRY(make_type(TypeKind::I32));
      |                    ^
/home/hurricane/private/code/Rut/include/core/expected.h:450:34: note: expanded from macro 'TRY'
  450 | #define TRY(expr) TRY_IMPL(expr, __COUNTER__)
      |                                  ^
In file included from /home/hurricane/private/code/Rut/src/sim/simulate_engine.cc:5:
/home/hurricane/private/code/Rut/include/rut/compiler/rir_builder.h:533:16: warning: '__COUNTER__' is a C2y extension [-Wc2y-extensions]
  533 |         return TRY(emit(Opcode::ResumeEventResult, ty, loc)).vid;
      |                ^
/home/hurricane/private/code/Rut/include/core/expected.h:450:34: note: expanded from macro 'TRY'
  450 | #define TRY(expr) TRY_IMPL(expr, __COUNTER__)
      |                                  ^
In file included from /home/hurricane/private/code/Rut/src/sim/simulate_engine.cc:5:
/home/hurricane/private/code/Rut/include/rut/compiler/rir_builder.h:537:20: warning: '__COUNTER__' is a C2y extension [-Wc2y-extensions]
  537 |         auto* ty = TRY(make_type(TypeKind::I32));
      |                    ^
/home/hurricane/private/code/Rut/include/core/expected.h:450:34: note: expanded from macro 'TRY'
  450 | #define TRY(expr) TRY_IMPL(expr, __COUNTER__)
      |                                  ^
In file included from /home/hurricane/private/code/Rut/src/sim/simulate_engine.cc:5:
/home/hurricane/private/code/Rut/include/rut/compiler/rir_builder.h:538:28: warning: '__COUNTER__' is a C2y extension [-Wc2y-extensions]
  538 |         auto [inst, vid] = TRY(emit(Opcode::CtxLoadSlotI32, ty, loc));
      |                            ^
/home/hurricane/private/code/Rut/include/core/expected.h:450:34: note: expanded from macro 'TRY'
  450 | #define TRY(expr) TRY_IMPL(expr, __COUNTER__)
      |                                  ^
In file included from /home/hurricane/private/code/Rut/src/sim/simulate_engine.cc:5:
/home/hurricane/private/code/Rut/include/rut/compiler/rir_builder.h:544:20: warning: '__COUNTER__' is a C2y extension [-Wc2y-extensions]
  544 |         auto* ty = TRY(make_type(TypeKind::IP));
      |                    ^
/home/hurricane/private/code/Rut/include/core/expected.h:450:34: note: expanded from macro 'TRY'
  450 | #define TRY(expr) TRY_IMPL(expr, __COUNTER__)
      |                                  ^
In file included from /home/hurricane/private/code/Rut/src/sim/simulate_engine.cc:5:
/home/hurricane/private/code/Rut/include/rut/compiler/rir_builder.h:545:16: warning: '__COUNTER__' is a C2y extension [-Wc2y-extensions]
  545 |         return TRY(emit(Opcode::ReqRemoteAddr, ty, loc)).vid;
      |                ^
/home/hurricane/private/code/Rut/include/core/expected.h:450:34: note: expanded from macro 'TRY'
  450 | #define TRY(expr) TRY_IMPL(expr, __COUNTER__)
      |                                  ^
In file included from /home/hurricane/private/code/Rut/src/sim/simulate_engine.cc:5:
/home/hurricane/private/code/Rut/include/rut/compiler/rir_builder.h:549:20: warning: '__COUNTER__' is a C2y extension [-Wc2y-extensions]
  549 |         auto* ty = TRY(make_type(TypeKind::ByteSize));
      |                    ^
/home/hurricane/private/code/Rut/include/core/expected.h:450:34: note: expanded from macro 'TRY'
  450 | #define TRY(expr) TRY_IMPL(expr, __COUNTER__)
      |                                  ^
In file included from /home/hurricane/private/code/Rut/src/sim/simulate_engine.cc:5:
/home/hurricane/private/code/Rut/include/rut/compiler/rir_builder.h:550:16: warning: '__COUNTER__' is a C2y extension [-Wc2y-extensions]
  550 |         return TRY(emit(Opcode::ReqContentLength, ty, loc)).vid;
      |                ^
/home/hurricane/private/code/Rut/include/core/expected.h:450:34: note: expanded from macro 'TRY'
  450 | #define TRY(expr) TRY_IMPL(expr, __COUNTER__)
      |                                  ^
In file included from /home/hurricane/private/code/Rut/src/sim/simulate_engine.cc:5:
/home/hurricane/private/code/Rut/include/rut/compiler/rir_builder.h:554:23: warning: '__COUNTER__' is a C2y extension [-Wc2y-extensions]
  554 |         auto* inner = TRY(make_type(TypeKind::Str));
      |                       ^
/home/hurricane/private/code/Rut/include/core/expected.h:450:34: note: expanded from macro 'TRY'
  450 | #define TRY(expr) TRY_IMPL(expr, __COUNTER__)
      |                                  ^
In file included from /home/hurricane/private/code/Rut/src/sim/simulate_engine.cc:5:
/home/hurricane/private/code/Rut/include/rut/compiler/rir_builder.h:555:20: warning: '__COUNTER__' is a C2y extension [-Wc2y-extensions]
  555 |         auto* ty = TRY(make_type(TypeKind::Optional, inner));
      |                    ^
/home/hurricane/private/code/Rut/include/core/expected.h:450:34: note: expanded from macro 'TRY'
  450 | #define TRY(expr) TRY_IMPL(expr, __COUNTER__)
      |                                  ^
In file included from /home/hurricane/private/code/Rut/src/sim/simulate_engine.cc:5:
/home/hurricane/private/code/Rut/include/rut/compiler/rir_builder.h:556:28: warning: '__COUNTER__' is a C2y extension [-Wc2y-extensions]
  556 |         auto [inst, vid] = TRY(emit(Opcode::ReqCookie, ty, loc));
      |                            ^
/home/hurricane/private/code/Rut/include/core/expected.h:450:34: note: expanded from macro 'TRY'
  450 | #define TRY(expr) TRY_IMPL(expr, __COUNTER__)
      |                                  ^
In file included from /home/hurricane/private/code/Rut/src/sim/simulate_engine.cc:5:
/home/hurricane/private/code/Rut/include/rut/compiler/rir_builder.h:562:23: warning: '__COUNTER__' is a C2y extension [-Wc2y-extensions]
  562 |         auto* inner = TRY(make_type(TypeKind::Str));
      |                       ^
/home/hurricane/private/code/Rut/include/core/expected.h:450:34: note: expanded from macro 'TRY'
  450 | #define TRY(expr) TRY_IMPL(expr, __COUNTER__)
      |                                  ^
In file included from /home/hurricane/private/code/Rut/src/sim/simulate_engine.cc:5:
/home/hurricane/private/code/Rut/include/rut/compiler/rir_builder.h:563:20: warning: '__COUNTER__' is a C2y extension [-Wc2y-extensions]
  563 |         auto* ty = TRY(make_type(TypeKind::Optional, inner));
      |                    ^
/home/hurricane/private/code/Rut/include/core/expected.h:450:34: note: expanded from macro 'TRY'
  450 | #define TRY(expr) TRY_IMPL(expr, __COUNTER__)
      |                                  ^
In file included from /home/hurricane/private/code/Rut/src/sim/simulate_engine.cc:5:
/home/hurricane/private/code/Rut/include/rut/compiler/rir_builder.h:564:28: warning: '__COUNTER__' is a C2y extension [-Wc2y-extensions]
  564 |         auto [inst, vid] = TRY(emit(Opcode::ReqQuery, ty, loc));
      |                            ^
/home/hurricane/private/code/Rut/include/core/expected.h:450:34: note: expanded from macro 'TRY'
  450 | #define TRY(expr) TRY_IMPL(expr, __COUNTER__)
      |                                  ^
In file included from /home/hurricane/private/code/Rut/src/sim/simulate_engine.cc:5:
/home/hurricane/private/code/Rut/include/rut/compiler/rir_builder.h:570:23: warning: '__COUNTER__' is a C2y extension [-Wc2y-extensions]
  570 |         auto* inner = TRY(make_type(TypeKind::Str));
      |                       ^
/home/hurricane/private/code/Rut/include/core/expected.h:450:34: note: expanded from macro 'TRY'
  450 | #define TRY(expr) TRY_IMPL(expr, __COUNTER__)
      |                                  ^
In file included from /home/hurricane/private/code/Rut/src/sim/simulate_engine.cc:5:
/home/hurricane/private/code/Rut/include/rut/compiler/rir_builder.h:571:20: warning: '__COUNTER__' is a C2y extension [-Wc2y-extensions]
  571 |         auto* ty = TRY(make_type(TypeKind::Optional, inner));
      |                    ^
/home/hurricane/private/code/Rut/include/core/expected.h:450:34: note: expanded from macro 'TRY'
  450 | #define TRY(expr) TRY_IMPL(expr, __COUNTER__)
      |                                  ^
In file included from /home/hurricane/private/code/Rut/src/sim/simulate_engine.cc:5:
/home/hurricane/private/code/Rut/include/rut/compiler/rir_builder.h:572:16: warning: '__COUNTER__' is a C2y extension [-Wc2y-extensions]
  572 |         return TRY(emit(Opcode::ReqQueryString, ty, loc)).vid;
      |                ^
/home/hurricane/private/code/Rut/include/core/expected.h:450:34: note: expanded from macro 'TRY'
  450 | #define TRY(expr) TRY_IMPL(expr, __COUNTER__)
      |                                  ^
In file included from /home/hurricane/private/code/Rut/src/sim/simulate_engine.cc:5:
/home/hurricane/private/code/Rut/include/rut/compiler/rir_builder.h:579:18: warning: '__COUNTER__' is a C2y extension [-Wc2y-extensions]
  579 |         auto r = TRY(emit(Opcode::ReqSetHeader, nullptr, loc));
      |                  ^
/home/hurricane/private/code/Rut/include/core/expected.h:450:34: note: expanded from macro 'TRY'
  450 | #define TRY(expr) TRY_IMPL(expr, __COUNTER__)
      |                                  ^
In file included from /home/hurricane/private/code/Rut/src/sim/simulate_engine.cc:5:
/home/hurricane/private/code/Rut/include/rut/compiler/rir_builder.h:588:18: warning: '__COUNTER__' is a C2y extension [-Wc2y-extensions]
  588 |         auto r = TRY(emit(Opcode::ReqAddHeader, nullptr, loc));
      |                  ^
/home/hurricane/private/code/Rut/include/core/expected.h:450:34: note: expanded from macro 'TRY'
  450 | #define TRY(expr) TRY_IMPL(expr, __COUNTER__)
      |                                  ^
In file included from /home/hurricane/private/code/Rut/src/sim/simulate_engine.cc:5:
/home/hurricane/private/code/Rut/include/rut/compiler/rir_builder.h:600:23: warning: '__COUNTER__' is a C2y extension [-Wc2y-extensions]
  600 |         auto* inner = TRY(make_type(TypeKind::Str));
      |                       ^
/home/hurricane/private/code/Rut/include/core/expected.h:450:34: note: expanded from macro 'TRY'
  450 | #define TRY(expr) TRY_IMPL(expr, __COUNTER__)
      |                                  ^
In file included from /home/hurricane/private/code/Rut/src/sim/simulate_engine.cc:5:
/home/hurricane/private/code/Rut/include/rut/compiler/rir_builder.h:601:20: warning: '__COUNTER__' is a C2y extension [-Wc2y-extensions]
  601 |         auto* ty = TRY(make_type(TypeKind::Optional, inner));
      |                    ^
/home/hurricane/private/code/Rut/include/core/expected.h:450:34: note: expanded from macro 'TRY'
  450 | #define TRY(expr) TRY_IMPL(expr, __COUNTER__)
      |                                  ^
In file included from /home/hurricane/private/code/Rut/src/sim/simulate_engine.cc:5:
/home/hurricane/private/code/Rut/include/rut/compiler/rir_builder.h:602:18: warning: '__COUNTER__' is a C2y extension [-Wc2y-extensions]
  602 |         auto r = TRY(emit(Opcode::RespHeader, ty, loc));
      |                  ^
/home/hurricane/private/code/Rut/include/core/expected.h:450:34: note: expanded from macro 'TRY'
  450 | #define TRY(expr) TRY_IMPL(expr, __COUNTER__)
      |                                  ^
In file included from /home/hurricane/private/code/Rut/src/sim/simulate_engine.cc:5:
/home/hurricane/private/code/Rut/include/rut/compiler/rir_builder.h:611:18: warning: '__COUNTER__' is a C2y extension [-Wc2y-extensions]
  611 |         auto r = TRY(emit(Opcode::RespSetHeader, nullptr, loc));
      |                  ^
/home/hurricane/private/code/Rut/include/core/expected.h:450:34: note: expanded from macro 'TRY'
  450 | #define TRY(expr) TRY_IMPL(expr, __COUNTER__)
      |                                  ^
In file included from /home/hurricane/private/code/Rut/src/sim/simulate_engine.cc:5:
/home/hurricane/private/code/Rut/include/rut/compiler/rir_builder.h:620:18: warning: '__COUNTER__' is a C2y extension [-Wc2y-extensions]
  620 |         auto r = TRY(emit(Opcode::RespAddHeader, nullptr, loc));
      |                  ^
/home/hurricane/private/code/Rut/include/core/expected.h:450:34: note: expanded from macro 'TRY'
  450 | #define TRY(expr) TRY_IMPL(expr, __COUNTER__)
      |                                  ^
In file included from /home/hurricane/private/code/Rut/src/sim/simulate_engine.cc:5:
/home/hurricane/private/code/Rut/include/rut/compiler/rir_builder.h:628:18: warning: '__COUNTER__' is a C2y extension [-Wc2y-extensions]
  628 |         auto r = TRY(emit(Opcode::RespRemoveHeader, nullptr, loc));
      |                  ^
/home/hurricane/private/code/Rut/include/core/expected.h:450:34: note: expanded from macro 'TRY'
  450 | #define TRY(expr) TRY_IMPL(expr, __COUNTER__)
      |                                  ^
In file included from /home/hurricane/private/code/Rut/src/sim/simulate_engine.cc:5:
/home/hurricane/private/code/Rut/include/rut/compiler/rir_builder.h:634:9: warning: '__COUNTER__' is a C2y extension [-Wc2y-extensions]
  634 |         TRY_VOID(emit(Opcode::RespCommitHeaders, nullptr, loc));
      |         ^
/home/hurricane/private/code/Rut/include/core/expected.h:453:44: note: expanded from macro 'TRY_VOID'
  453 | #define TRY_VOID(expr) TRY_VOID_IMPL(expr, __COUNTER__)
      |                                            ^
In file included from /home/hurricane/private/code/Rut/src/sim/simulate_engine.cc:5:
/home/hurricane/private/code/Rut/include/rut/compiler/rir_builder.h:640:18: warning: '__COUNTER__' is a C2y extension [-Wc2y-extensions]
  640 |         auto r = TRY(emit(Opcode::ReqSetPath, nullptr, loc));
      |                  ^
/home/hurricane/private/code/Rut/include/core/expected.h:450:34: note: expanded from macro 'TRY'
  450 | #define TRY(expr) TRY_IMPL(expr, __COUNTER__)
      |                                  ^
In file included from /home/hurricane/private/code/Rut/src/sim/simulate_engine.cc:5:
/home/hurricane/private/code/Rut/include/rut/compiler/rir_builder.h:649:18: warning: '__COUNTER__' is a C2y extension [-Wc2y-extensions]
  649 |         auto r = TRY(emit(Opcode::ReqSetTargetTransform, nullptr, loc));
      |                  ^
/home/hurricane/private/code/Rut/include/core/expected.h:450:34: note: expanded from macro 'TRY'
  450 | #define TRY(expr) TRY_IMPL(expr, __COUNTER__)
      |                                  ^
In file included from /home/hurricane/private/code/Rut/src/sim/simulate_engine.cc:5:
/home/hurricane/private/code/Rut/include/rut/compiler/rir_builder.h:656:18: warning: '__COUNTER__' is a C2y extension [-Wc2y-extensions]
  656 |         auto r = TRY(emit(Opcode::CtxStoreSlotI32, nullptr, loc));
      |                  ^
/home/hurricane/private/code/Rut/include/core/expected.h:450:34: note: expanded from macro 'TRY'
  450 | #define TRY(expr) TRY_IMPL(expr, __COUNTER__)
      |                                  ^
In file included from /home/hurricane/private/code/Rut/src/sim/simulate_engine.cc:5:
/home/hurricane/private/code/Rut/include/rut/compiler/rir_builder.h:668:20: warning: '__COUNTER__' is a C2y extension [-Wc2y-extensions]
  668 |         auto* ty = TRY(make_type(TypeKind::Bool));
      |                    ^
/home/hurricane/private/code/Rut/include/core/expected.h:450:34: note: expanded from macro 'TRY'
  450 | #define TRY(expr) TRY_IMPL(expr, __COUNTER__)
      |                                  ^
In file included from /home/hurricane/private/code/Rut/src/sim/simulate_engine.cc:5:
/home/hurricane/private/code/Rut/include/rut/compiler/rir_builder.h:669:28: warning: '__COUNTER__' is a C2y extension [-Wc2y-extensions]
  669 |         auto [inst, vid] = TRY(emit(Opcode::StrHasPrefix, ty, loc));
      |                            ^
/home/hurricane/private/code/Rut/include/core/expected.h:450:34: note: expanded from macro 'TRY'
  450 | #define TRY(expr) TRY_IMPL(expr, __COUNTER__)
      |                                  ^
In file included from /home/hurricane/private/code/Rut/src/sim/simulate_engine.cc:5:
/home/hurricane/private/code/Rut/include/rut/compiler/rir_builder.h:679:20: warning: '__COUNTER__' is a C2y extension [-Wc2y-extensions]
  679 |         auto* ty = TRY(make_type(TypeKind::Str));
      |                    ^
/home/hurricane/private/code/Rut/include/core/expected.h:450:34: note: expanded from macro 'TRY'
  450 | #define TRY(expr) TRY_IMPL(expr, __COUNTER__)
      |                                  ^
In file included from /home/hurricane/private/code/Rut/src/sim/simulate_engine.cc:5:
/home/hurricane/private/code/Rut/include/rut/compiler/rir_builder.h:680:28: warning: '__COUNTER__' is a C2y extension [-Wc2y-extensions]
  680 |         auto [inst, vid] = TRY(emit(Opcode::StrTrimPrefix, ty, loc));
      |                            ^
/home/hurricane/private/code/Rut/include/core/expected.h:450:34: note: expanded from macro 'TRY'
  450 | #define TRY(expr) TRY_IMPL(expr, __COUNTER__)
      |                                  ^
In file included from /home/hurricane/private/code/Rut/src/sim/simulate_engine.cc:5:
/home/hurricane/private/code/Rut/include/rut/compiler/rir_builder.h:689:20: warning: '__COUNTER__' is a C2y extension [-Wc2y-extensions]
  689 |         auto* ty = TRY(make_type(TypeKind::Bool));
      |                    ^
/home/hurricane/private/code/Rut/include/core/expected.h:450:34: note: expanded from macro 'TRY'
  450 | #define TRY(expr) TRY_IMPL(expr, __COUNTER__)
      |                                  ^
In file included from /home/hurricane/private/code/Rut/src/sim/simulate_engine.cc:5:
/home/hurricane/private/code/Rut/include/rut/compiler/rir_builder.h:690:28: warning: '__COUNTER__' is a C2y extension [-Wc2y-extensions]
  690 |         auto [inst, vid] = TRY(emit(Opcode::StrRegexMatch, ty, loc));
      |                            ^
/home/hurricane/private/code/Rut/include/core/expected.h:450:34: note: expanded from macro 'TRY'
  450 | #define TRY(expr) TRY_IMPL(expr, __COUNTER__)
      |                                  ^
In file included from /home/hurricane/private/code/Rut/src/sim/simulate_engine.cc:5:
/home/hurricane/private/code/Rut/include/rut/compiler/rir_builder.h:698:20: warning: '__COUNTER__' is a C2y extension [-Wc2y-extensions]
  698 |         auto* ty = TRY(make_type(TypeKind::Str));
      |                    ^
/home/hurricane/private/code/Rut/include/core/expected.h:450:34: note: expanded from macro 'TRY'
  450 | #define TRY(expr) TRY_IMPL(expr, __COUNTER__)
      |                                  ^
In file included from /home/hurricane/private/code/Rut/src/sim/simulate_engine.cc:5:
/home/hurricane/private/code/Rut/include/rut/compiler/rir_builder.h:699:18: warning: '__COUNTER__' is a C2y extension [-Wc2y-extensions]
  699 |         auto r = TRY(emit(Opcode::StrInterpolate, ty, loc));
      |                  ^
/home/hurricane/private/code/Rut/include/core/expected.h:450:34: note: expanded from macro 'TRY'
  450 | #define TRY(expr) TRY_IMPL(expr, __COUNTER__)
      |                                  ^
In file included from /home/hurricane/private/code/Rut/src/sim/simulate_engine.cc:5:
/home/hurricane/private/code/Rut/include/rut/compiler/rir_builder.h:740:20: warning: '__COUNTER__' is a C2y extension [-Wc2y-extensions]
  740 |         auto* ty = TRY(make_type(TypeKind::Bool));
      |                    ^
/home/hurricane/private/code/Rut/include/core/expected.h:450:34: note: expanded from macro 'TRY'
  450 | #define TRY(expr) TRY_IMPL(expr, __COUNTER__)
      |                                  ^
In file included from /home/hurricane/private/code/Rut/src/sim/simulate_engine.cc:5:
/home/hurricane/private/code/Rut/include/rut/compiler/rir_builder.h:741:28: warning: '__COUNTER__' is a C2y extension [-Wc2y-extensions]
  741 |         auto [inst, vid] = TRY(emit(cmp_op, ty, loc));
      |                            ^
/home/hurricane/private/code/Rut/include/core/expected.h:450:34: note: expanded from macro 'TRY'
  450 | #define TRY(expr) TRY_IMPL(expr, __COUNTER__)
      |                                  ^
In file included from /home/hurricane/private/code/Rut/src/sim/simulate_engine.cc:5:
/home/hurricane/private/code/Rut/include/rut/compiler/rir_builder.h:771:20: warning: '__COUNTER__' is a C2y extension [-Wc2y-extensions]
  771 |         auto* ty = TRY(make_type(both_i64 ? TypeKind::I64 : TypeKind::I32));
      |                    ^
/home/hurricane/private/code/Rut/include/core/expected.h:450:34: note: expanded from macro 'TRY'
  450 | #define TRY(expr) TRY_IMPL(expr, __COUNTER__)
      |                                  ^
In file included from /home/hurricane/private/code/Rut/src/sim/simulate_engine.cc:5:
/home/hurricane/private/code/Rut/include/rut/compiler/rir_builder.h:772:28: warning: '__COUNTER__' is a C2y extension [-Wc2y-extensions]
  772 |         auto [inst, vid] = TRY(emit(bit_op, ty, loc));
      |                            ^
/home/hurricane/private/code/Rut/include/core/expected.h:450:34: note: expanded from macro 'TRY'
  450 | #define TRY(expr) TRY_IMPL(expr, __COUNTER__)
      |                                  ^
In file included from /home/hurricane/private/code/Rut/src/sim/simulate_engine.cc:5:
/home/hurricane/private/code/Rut/include/rut/compiler/rir_builder.h:803:20: warning: '__COUNTER__' is a C2y extension [-Wc2y-extensions]
  803 |         auto* ty = TRY(make_type(both_i64 ? TypeKind::I64 : TypeKind::I32));
      |                    ^
/home/hurricane/private/code/Rut/include/core/expected.h:450:34: note: expanded from macro 'TRY'
  450 | #define TRY(expr) TRY_IMPL(expr, __COUNTER__)
      |                                  ^
In file included from /home/hurricane/private/code/Rut/src/sim/simulate_engine.cc:5:
/home/hurricane/private/code/Rut/include/rut/compiler/rir_builder.h:804:28: warning: '__COUNTER__' is a C2y extension [-Wc2y-extensions]
  804 |         auto [inst, vid] = TRY(emit(arith_op, ty, loc));
      |                            ^
/home/hurricane/private/code/Rut/include/core/expected.h:450:34: note: expanded from macro 'TRY'
  450 | #define TRY(expr) TRY_IMPL(expr, __COUNTER__)
      |                                  ^
In file included from /home/hurricane/private/code/Rut/src/sim/simulate_engine.cc:5:
/home/hurricane/private/code/Rut/include/rut/compiler/rir_builder.h:813:20: warning: '__COUNTER__' is a C2y extension [-Wc2y-extensions]
  813 |         auto* ty = TRY(make_type(TypeKind::I64));
      |                    ^
/home/hurricane/private/code/Rut/include/core/expected.h:450:34: note: expanded from macro 'TRY'
  450 | #define TRY(expr) TRY_IMPL(expr, __COUNTER__)
      |                                  ^
In file included from /home/hurricane/private/code/Rut/src/sim/simulate_engine.cc:5:
/home/hurricane/private/code/Rut/include/rut/compiler/rir_builder.h:814:28: warning: '__COUNTER__' is a C2y extension [-Wc2y-extensions]
  814 |         auto [inst, vid] = TRY(emit(Opcode::SextI64, ty, loc));
      |                            ^
/home/hurricane/private/code/Rut/include/core/expected.h:450:34: note: expanded from macro 'TRY'
  450 | #define TRY(expr) TRY_IMPL(expr, __COUNTER__)
      |                                  ^
In file included from /home/hurricane/private/code/Rut/src/sim/simulate_engine.cc:5:
/home/hurricane/private/code/Rut/include/rut/compiler/rir_builder.h:823:20: warning: '__COUNTER__' is a C2y extension [-Wc2y-extensions]
  823 |         auto* ty = TRY(make_type(TypeKind::I64));
      |                    ^
/home/hurricane/private/code/Rut/include/core/expected.h:450:34: note: expanded from macro 'TRY'
  450 | #define TRY(expr) TRY_IMPL(expr, __COUNTER__)
      |                                  ^
In file included from /home/hurricane/private/code/Rut/src/sim/simulate_engine.cc:5:
/home/hurricane/private/code/Rut/include/rut/compiler/rir_builder.h:824:16: warning: '__COUNTER__' is a C2y extension [-Wc2y-extensions]
  824 |         return TRY(emit(Opcode::TimeNowMicros, ty, loc)).vid;
      |                ^
/home/hurricane/private/code/Rut/include/core/expected.h:450:34: note: expanded from macro 'TRY'
  450 | #define TRY(expr) TRY_IMPL(expr, __COUNTER__)
      |                                  ^
In file included from /home/hurricane/private/code/Rut/src/sim/simulate_engine.cc:5:
/home/hurricane/private/code/Rut/include/rut/compiler/rir_builder.h:829:20: warning: '__COUNTER__' is a C2y extension [-Wc2y-extensions]
  829 |         auto* ty = TRY(make_type(TypeKind::Bool));
      |                    ^
/home/hurricane/private/code/Rut/include/core/expected.h:450:34: note: expanded from macro 'TRY'
  450 | #define TRY(expr) TRY_IMPL(expr, __COUNTER__)
      |                                  ^
In file included from /home/hurricane/private/code/Rut/src/sim/simulate_engine.cc:5:
/home/hurricane/private/code/Rut/include/rut/compiler/rir_builder.h:830:28: warning: '__COUNTER__' is a C2y extension [-Wc2y-extensions]
  830 |         auto [inst, vid] = TRY(emit(Opcode::IpInCidr, ty, loc));
      |                            ^
/home/hurricane/private/code/Rut/include/core/expected.h:450:34: note: expanded from macro 'TRY'
  450 | #define TRY(expr) TRY_IMPL(expr, __COUNTER__)
      |                                  ^
In file included from /home/hurricane/private/code/Rut/src/sim/simulate_engine.cc:5:
/home/hurricane/private/code/Rut/include/rut/compiler/rir_builder.h:841:20: warning: '__COUNTER__' is a C2y extension [-Wc2y-extensions]
  841 |         auto* ty = TRY(make_type(TypeKind::Optional, inner_type));
      |                    ^
/home/hurricane/private/code/Rut/include/core/expected.h:450:34: note: expanded from macro 'TRY'
  450 | #define TRY(expr) TRY_IMPL(expr, __COUNTER__)
      |                                  ^
In file included from /home/hurricane/private/code/Rut/src/sim/simulate_engine.cc:5:
/home/hurricane/private/code/Rut/include/rut/compiler/rir_builder.h:842:16: warning: '__COUNTER__' is a C2y extension [-Wc2y-extensions]
  842 |         return TRY(emit(Opcode::OptNil, ty, loc)).vid;
      |                ^
/home/hurricane/private/code/Rut/include/core/expected.h:450:34: note: expanded from macro 'TRY'
  450 | #define TRY(expr) TRY_IMPL(expr, __COUNTER__)
      |                                  ^
In file included from /home/hurricane/private/code/Rut/src/sim/simulate_engine.cc:5:
/home/hurricane/private/code/Rut/include/rut/compiler/rir_builder.h:849:20: warning: '__COUNTER__' is a C2y extension [-Wc2y-extensions]
  849 |         auto* ty = TRY(make_type(TypeKind::Optional, inner));
      |                    ^
/home/hurricane/private/code/Rut/include/core/expected.h:450:34: note: expanded from macro 'TRY'
  450 | #define TRY(expr) TRY_IMPL(expr, __COUNTER__)
      |                                  ^
In file included from /home/hurricane/private/code/Rut/src/sim/simulate_engine.cc:5:
/home/hurricane/private/code/Rut/include/rut/compiler/rir_builder.h:850:28: warning: '__COUNTER__' is a C2y extension [-Wc2y-extensions]
  850 |         auto [inst, vid] = TRY(emit(Opcode::OptWrap, ty, loc));
      |                            ^
/home/hurricane/private/code/Rut/include/core/expected.h:450:34: note: expanded from macro 'TRY'
  450 | #define TRY(expr) TRY_IMPL(expr, __COUNTER__)
      |                                  ^
In file included from /home/hurricane/private/code/Rut/src/sim/simulate_engine.cc:5:
/home/hurricane/private/code/Rut/include/rut/compiler/rir_builder.h:858:20: warning: '__COUNTER__' is a C2y extension [-Wc2y-extensions]
  858 |         auto* ty = TRY(make_type(TypeKind::Bool));
      |                    ^
/home/hurricane/private/code/Rut/include/core/expected.h:450:34: note: expanded from macro 'TRY'
  450 | #define TRY(expr) TRY_IMPL(expr, __COUNTER__)
      |                                  ^
In file included from /home/hurricane/private/code/Rut/src/sim/simulate_engine.cc:5:
/home/hurricane/private/code/Rut/include/rut/compiler/rir_builder.h:859:28: warning: '__COUNTER__' is a C2y extension [-Wc2y-extensions]
  859 |         auto [inst, vid] = TRY(emit(Opcode::OptIsNil, ty, loc));
      |                            ^
/home/hurricane/private/code/Rut/include/core/expected.h:450:34: note: expanded from macro 'TRY'
  450 | #define TRY(expr) TRY_IMPL(expr, __COUNTER__)
      |                                  ^
In file included from /home/hurricane/private/code/Rut/src/sim/simulate_engine.cc:5:
/home/hurricane/private/code/Rut/include/rut/compiler/rir_builder.h:874:28: warning: '__COUNTER__' is a C2y extension [-Wc2y-extensions]
  874 |         auto [inst, vid] = TRY(emit(Opcode::Select, then_ty, loc));
      |                            ^
/home/hurricane/private/code/Rut/include/core/expected.h:450:34: note: expanded from macro 'TRY'
  450 | #define TRY(expr) TRY_IMPL(expr, __COUNTER__)
      |                                  ^
In file included from /home/hurricane/private/code/Rut/src/sim/simulate_engine.cc:5:
/home/hurricane/private/code/Rut/include/rut/compiler/rir_builder.h:889:28: warning: '__COUNTER__' is a C2y extension [-Wc2y-extensions]
  889 |         auto [inst, vid] = TRY(emit(Opcode::OptUnwrap, inner_type, loc));
      |                            ^
/home/hurricane/private/code/Rut/include/core/expected.h:450:34: note: expanded from macro 'TRY'
  450 | #define TRY(expr) TRY_IMPL(expr, __COUNTER__)
      |                                  ^
In file included from /home/hurricane/private/code/Rut/src/sim/simulate_engine.cc:5:
/home/hurricane/private/code/Rut/include/rut/compiler/rir_builder.h:917:28: warning: '__COUNTER__' is a C2y extension [-Wc2y-extensions]
  917 |         auto [inst, vid] = TRY(emit(Opcode::StructField, field_type, loc));
      |                            ^
/home/hurricane/private/code/Rut/include/core/expected.h:450:34: note: expanded from macro 'TRY'
  450 | #define TRY(expr) TRY_IMPL(expr, __COUNTER__)
      |                                  ^
In file included from /home/hurricane/private/code/Rut/src/sim/simulate_engine.cc:5:
/home/hurricane/private/code/Rut/include/rut/compiler/rir_builder.h:936:20: warning: '__COUNTER__' is a C2y extension [-Wc2y-extensions]
  936 |         auto* ty = TRY(make_type(TypeKind::Struct, nullptr, sd));
      |                    ^
/home/hurricane/private/code/Rut/include/core/expected.h:450:34: note: expanded from macro 'TRY'
  450 | #define TRY(expr) TRY_IMPL(expr, __COUNTER__)
      |                                  ^
In file included from /home/hurricane/private/code/Rut/src/sim/simulate_engine.cc:5:
/home/hurricane/private/code/Rut/include/rut/compiler/rir_builder.h:937:28: warning: '__COUNTER__' is a C2y extension [-Wc2y-extensions]
  937 |         auto [inst, vid] = TRY(emit(Opcode::StructCreate, ty, loc));
      |                            ^
/home/hurricane/private/code/Rut/include/core/expected.h:450:34: note: expanded from macro 'TRY'
  450 | #define TRY(expr) TRY_IMPL(expr, __COUNTER__)
      |                                  ^
In file included from /home/hurricane/private/code/Rut/src/sim/simulate_engine.cc:5:
/home/hurricane/private/code/Rut/include/rut/compiler/rir_builder.h:959:28: warning: '__COUNTER__' is a C2y extension [-Wc2y-extensions]
  959 |         auto [inst, vid] = TRY(emit(Opcode::BodyParse, target_type, loc));
      |                            ^
/home/hurricane/private/code/Rut/include/core/expected.h:450:34: note: expanded from macro 'TRY'
  450 | #define TRY(expr) TRY_IMPL(expr, __COUNTER__)
      |                                  ^
In file included from /home/hurricane/private/code/Rut/src/sim/simulate_engine.cc:5:
/home/hurricane/private/code/Rut/include/rut/compiler/rir_builder.h:975:27: warning: '__COUNTER__' is a C2y extension [-Wc2y-extensions]
  975 |             auto* inner = TRY(make_type(TypeKind::I64));
      |                           ^
/home/hurricane/private/code/Rut/include/core/expected.h:450:34: note: expanded from macro 'TRY'
  450 | #define TRY(expr) TRY_IMPL(expr, __COUNTER__)
      |                                  ^
In file included from /home/hurricane/private/code/Rut/src/sim/simulate_engine.cc:5:
/home/hurricane/private/code/Rut/include/rut/compiler/rir_builder.h:976:29: warning: '__COUNTER__' is a C2y extension [-Wc2y-extensions]
  976 |             opt_i64_cache = TRY(make_type(TypeKind::Optional, inner));
      |                             ^
/home/hurricane/private/code/Rut/include/core/expected.h:450:34: note: expanded from macro 'TRY'
  450 | #define TRY(expr) TRY_IMPL(expr, __COUNTER__)
      |                                  ^
In file included from /home/hurricane/private/code/Rut/src/sim/simulate_engine.cc:5:
/home/hurricane/private/code/Rut/include/rut/compiler/rir_builder.h:979:28: warning: '__COUNTER__' is a C2y extension [-Wc2y-extensions]
  979 |         auto [inst, vid] = TRY(emit(Opcode::CacheGet, ty, loc));
      |                            ^
/home/hurricane/private/code/Rut/include/core/expected.h:450:34: note: expanded from macro 'TRY'
  450 | #define TRY(expr) TRY_IMPL(expr, __COUNTER__)
      |                                  ^
In file included from /home/hurricane/private/code/Rut/src/sim/simulate_engine.cc:5:
/home/hurricane/private/code/Rut/include/rut/compiler/rir_builder.h:990:20: warning: '__COUNTER__' is a C2y extension [-Wc2y-extensions]
  990 |         auto* ty = TRY(make_type(TypeKind::I64));
      |                    ^
/home/hurricane/private/code/Rut/include/core/expected.h:450:34: note: expanded from macro 'TRY'
  450 | #define TRY(expr) TRY_IMPL(expr, __COUNTER__)
      |                                  ^
In file included from /home/hurricane/private/code/Rut/src/sim/simulate_engine.cc:5:
/home/hurricane/private/code/Rut/include/rut/compiler/rir_builder.h:991:28: warning: '__COUNTER__' is a C2y extension [-Wc2y-extensions]
  991 |         auto [inst, vid] = TRY(emit(Opcode::CacheSet, ty, loc));
      |                            ^
/home/hurricane/private/code/Rut/include/core/expected.h:450:34: note: expanded from macro 'TRY'
  450 | #define TRY(expr) TRY_IMPL(expr, __COUNTER__)
      |                                  ^
In file included from /home/hurricane/private/code/Rut/src/sim/simulate_engine.cc:5:
/home/hurricane/private/code/Rut/include/rut/compiler/rir_builder.h:1006:18: warning: '__COUNTER__' is a C2y extension [-Wc2y-extensions]
 1006 |         auto r = TRY(emit(Opcode::Br, nullptr, loc));
      |                  ^
/home/hurricane/private/code/Rut/include/core/expected.h:450:34: note: expanded from macro 'TRY'
  450 | #define TRY(expr) TRY_IMPL(expr, __COUNTER__)
      |                                  ^
In file included from /home/hurricane/private/code/Rut/src/sim/simulate_engine.cc:5:
/home/hurricane/private/code/Rut/include/rut/compiler/rir_builder.h:1017:18: warning: '__COUNTER__' is a C2y extension [-Wc2y-extensions]
 1017 |         auto r = TRY(emit(Opcode::Jmp, nullptr, loc));
      |                  ^
/home/hurricane/private/code/Rut/include/core/expected.h:450:34: note: expanded from macro 'TRY'
  450 | #define TRY(expr) TRY_IMPL(expr, __COUNTER__)
      |                                  ^
In file included from /home/hurricane/private/code/Rut/src/sim/simulate_engine.cc:5:
/home/hurricane/private/code/Rut/include/rut/compiler/rir_builder.h:1035:18: warning: '__COUNTER__' is a C2y extension [-Wc2y-extensions]
 1035 |         auto r = TRY(emit(Opcode::RetStatus, nullptr, loc));
      |                  ^
/home/hurricane/private/code/Rut/include/core/expected.h:450:34: note: expanded from macro 'TRY'
  450 | #define TRY(expr) TRY_IMPL(expr, __COUNTER__)
      |                                  ^
In file included from /home/hurricane/private/code/Rut/src/sim/simulate_engine.cc:5:
/home/hurricane/private/code/Rut/include/rut/compiler/rir_builder.h:1128:18: warning: '__COUNTER__' is a C2y extension [-Wc2y-extensions]
 1128 |         auto r = TRY(emit(Opcode::RetStatus, nullptr, loc));
      |                  ^
/home/hurricane/private/code/Rut/include/core/expected.h:450:34: note: expanded from macro 'TRY'
  450 | #define TRY(expr) TRY_IMPL(expr, __COUNTER__)
      |                                  ^
In file included from /home/hurricane/private/code/Rut/src/sim/simulate_engine.cc:5:
/home/hurricane/private/code/Rut/include/rut/compiler/rir_builder.h:1160:18: warning: '__COUNTER__' is a C2y extension [-Wc2y-extensions]
 1160 |         auto r = TRY(emit(Opcode::RetForward, nullptr, loc));
      |                  ^
/home/hurricane/private/code/Rut/include/core/expected.h:450:34: note: expanded from macro 'TRY'
  450 | #define TRY(expr) TRY_IMPL(expr, __COUNTER__)
      |                                  ^
In file included from /home/hurricane/private/code/Rut/src/sim/simulate_engine.cc:5:
/home/hurricane/private/code/Rut/include/rut/compiler/rir_builder.h:1188:18: warning: '__COUNTER__' is a C2y extension [-Wc2y-extensions]
 1188 |         auto r = TRY(emit(Opcode::RetForwardBundle, nullptr, loc));
      |                  ^
/home/hurricane/private/code/Rut/include/core/expected.h:450:34: note: expanded from macro 'TRY'
  450 | #define TRY(expr) TRY_IMPL(expr, __COUNTER__)
      |                                  ^
In file included from /home/hurricane/private/code/Rut/src/sim/simulate_engine.cc:5:
/home/hurricane/private/code/Rut/include/rut/compiler/rir_builder.h:1200:18: warning: '__COUNTER__' is a C2y extension [-Wc2y-extensions]
 1200 |         auto r = TRY(emit(Opcode::RetRedirect, nullptr, loc));
      |                  ^
/home/hurricane/private/code/Rut/include/core/expected.h:450:34: note: expanded from macro 'TRY'
  450 | #define TRY(expr) TRY_IMPL(expr, __COUNTER__)
      |                                  ^
In file included from /home/hurricane/private/code/Rut/src/sim/simulate_engine.cc:5:
/home/hurricane/private/code/Rut/include/rut/compiler/rir_builder.h:1211:20: warning: '__COUNTER__' is a C2y extension [-Wc2y-extensions]
 1211 |         auto* ty = TRY(make_type(TypeKind::Str));
      |                    ^
/home/hurricane/private/code/Rut/include/core/expected.h:450:34: note: expanded from macro 'TRY'
  450 | #define TRY(expr) TRY_IMPL(expr, __COUNTER__)
      |                                  ^
In file included from /home/hurricane/private/code/Rut/src/sim/simulate_engine.cc:5:
/home/hurricane/private/code/Rut/include/rut/compiler/rir_builder.h:1212:28: warning: '__COUNTER__' is a C2y extension [-Wc2y-extensions]
 1212 |         auto [inst, vid] = TRY(emit(Opcode::YieldHttpGet, ty, loc));
      |                            ^
/home/hurricane/private/code/Rut/include/core/expected.h:450:34: note: expanded from macro 'TRY'
  450 | #define TRY(expr) TRY_IMPL(expr, __COUNTER__)
      |                                  ^
In file included from /home/hurricane/private/code/Rut/src/sim/simulate_engine.cc:5:
/home/hurricane/private/code/Rut/include/rut/compiler/rir_builder.h:1230:18: warning: '__COUNTER__' is a C2y extension [-Wc2y-extensions]
 1230 |         auto r = TRY(emit(Opcode::YieldTimer, nullptr, loc));
      |                  ^
/home/hurricane/private/code/Rut/include/core/expected.h:450:34: note: expanded from macro 'TRY'
  450 | #define TRY(expr) TRY_IMPL(expr, __COUNTER__)
      |                                  ^
In file included from /home/hurricane/private/code/Rut/src/sim/simulate_engine.cc:5:
/home/hurricane/private/code/Rut/include/rut/compiler/rir_builder.h:711:17: warning: 88 enumeration values not explicitly handled in switch: 'ConstStr', 'ConstI32', 'ConstI64'... [-Wswitch-enum]
  711 |         switch (op) {
      |                 ^~
/home/hurricane/private/code/Rut/include/rut/compiler/rir_builder.h:751:17: warning: 89 enumeration values not explicitly handled in switch: 'ConstStr', 'ConstI32', 'ConstI64'... [-Wswitch-enum]
  751 |         switch (op) {
      |                 ^~
/home/hurricane/private/code/Rut/include/rut/compiler/rir_builder.h:782:17: warning: 87 enumeration values not explicitly handled in switch: 'ConstStr', 'ConstI32', 'ConstI64'... [-Wswitch-enum]
  782 |         switch (op) {
      |                 ^~
126 warnings generated.
[7/84] Building CXX object tests/CMakeFiles/test_debug.dir/test_debug.cc.o
[8/84] Building CXX object tests/CMakeFiles/test_fault_injection.dir/test_fault_injection.cc.o
[9/84] Building CXX object tests/CMakeFiles/test_access_log_live_producer.dir/test_access_log_live_producer.cc.o
In file included from /home/hurricane/private/code/Rut/tests/test_access_log_live_producer.cc:4:
In file included from /home/hurricane/private/code/Rut/include/rut/runtime/shard.h:10:
In file included from /home/hurricane/private/code/Rut/include/rut/runtime/event_loop.h:19:
In file included from /home/hurricane/private/code/Rut/include/rut/runtime/route_table.h:15:
In file included from /home/hurricane/private/code/Rut/include/rut/runtime/rate_limit_key.h:3:
/home/hurricane/private/code/Rut/include/rut/common/rate_limit_key_spec.h:130:21: warning: enumeration values 'Ip', 'Query', and 'Param' not explicitly handled in switch [-Wswitch-enum]
  130 |             switch (k.comps[j].kind) {
      |                     ^~~~~~~~~~~~~~~
1 warning generated.
[10/84] Building CXX object tests/CMakeFiles/test_http2_conn.dir/test_http2_conn.cc.o
In file included from /home/hurricane/private/code/Rut/tests/test_http2_conn.cc:7:
In file included from /home/hurricane/private/code/Rut/include/rut/runtime/callbacks_h2.h:18:
In file included from /home/hurricane/private/code/Rut/include/rut/runtime/http2_conn.h:8:
In file included from /home/hurricane/private/code/Rut/include/rut/runtime/route_table.h:15:
In file included from /home/hurricane/private/code/Rut/include/rut/runtime/rate_limit_key.h:3:
/home/hurricane/private/code/Rut/include/rut/common/rate_limit_key_spec.h:130:21: warning: enumeration values 'Ip', 'Query', and 'Param' not explicitly handled in switch [-Wswitch-enum]
  130 |             switch (k.comps[j].kind) {
      |                     ^~~~~~~~~~~~~~~
1 warning generated.
[11/84] Building CXX object tests/CMakeFiles/test_redirect_policy.dir/test_redirect_policy.cc.o
In file included from /home/hurricane/private/code/Rut/tests/test_redirect_policy.cc:1:
In file included from /home/hurricane/private/code/Rut/include/rut/compiler/analyze.h:3:
In file included from /home/hurricane/private/code/Rut/include/rut/compiler/ast.h:7:
/home/hurricane/private/code/Rut/include/rut/common/rate_limit_key_spec.h:130:21: warning: enumeration values 'Ip', 'Query', and 'Param' not explicitly handled in switch [-Wswitch-enum]
  130 |             switch (k.comps[j].kind) {
      |                     ^~~~~~~~~~~~~~~
In file included from /home/hurricane/private/code/Rut/tests/test_redirect_policy.cc:1:
In file included from /home/hurricane/private/code/Rut/include/rut/compiler/analyze.h:3:
/home/hurricane/private/code/Rut/include/rut/compiler/ast.h:1067:21: warning: enumeration values 'Upstream', 'Import', and 'Using' not explicitly handled in switch [-Wswitch-enum]
 1067 |             switch (items[i].kind) {
      |                     ^~~~~~~~~~~~~
2 warnings generated.
[12/84] Building CXX object src/CMakeFiles/rut.dir/main.cc.o
In file included from /home/hurricane/private/code/Rut/src/main.cc:6:
In file included from /home/hurricane/private/code/Rut/include/rut/runtime/epoll_event_loop.h:13:
In file included from /home/hurricane/private/code/Rut/include/rut/runtime/event_loop.h:19:
In file included from /home/hurricane/private/code/Rut/include/rut/runtime/route_table.h:15:
In file included from /home/hurricane/private/code/Rut/include/rut/runtime/rate_limit_key.h:3:
/home/hurricane/private/code/Rut/include/rut/common/rate_limit_key_spec.h:130:21: warning: enumeration values 'Ip', 'Query', and 'Param' not explicitly handled in switch [-Wswitch-enum]
  130 |             switch (k.comps[j].kind) {
      |                     ^~~~~~~~~~~~~~~
In file included from /home/hurricane/private/code/Rut/src/main.cc:9:
/home/hurricane/private/code/Rut/include/rut/runtime/iouring_event_loop.h:846:88: warning: '&&' within '||' [-Wlogical-op-parentheses]
  846 |              (!complete_content_length_request_policy_is_admitted(c.request_policy_id) &&
      |               ~~~~~~~~~~~~~~~~~~~~~~~~~~~~~~~~~~~~~~~~~~~~~~~~~~~~~~~~~~~~~~~~~~~~~~~~~^~
  847 |                   !bodyless_get_retained_policy ||
      |                   ~~~~~~~~~~~~~~~~~~~~~~~~~~~~~ ~~
/home/hurricane/private/code/Rut/include/rut/runtime/iouring_event_loop.h:846:88: note: place parentheses around the '&&' expression to silence this warning
  846 |              (!complete_content_length_request_policy_is_admitted(c.request_policy_id) &&
      |                                                                                        ^
      |               (
  847 |                   !bodyless_get_retained_policy ||
      |                                                )
/home/hurricane/private/code/Rut/include/rut/runtime/iouring_event_loop.h:4678:34: warning: '&&' within '||' [-Wlogical-op-parentheses]
 4678 |             (!owner.saw_positive && (owner.positive_bytes != 0 || owner.first_copy_begin != 0 ||
      |              ~~~~~~~~~~~~~~~~~~~~^~~~~~~~~~~~~~~~~~~~~~~~~~~~~~~~~~~~~~~~~~~~~~~~~~~~~~~~~~~~~~~
 4679 |                                      owner.expected_copy_end != 0) ||
      |                                      ~~~~~~~~~~~~~~~~~~~~~~~~~~~~~ ~~
/home/hurricane/private/code/Rut/include/rut/runtime/iouring_event_loop.h:4678:34: note: place parentheses around the '&&' expression to silence this warning
 4678 |             (!owner.saw_positive && (owner.positive_bytes != 0 || owner.first_copy_begin != 0 ||
      |                                  ^
      |              (
 4679 |                                      owner.expected_copy_end != 0) ||
      |                                                                   )
/home/hurricane/private/code/Rut/include/rut/runtime/iouring_event_loop.h:4680:33: warning: '&&' within '||' [-Wlogical-op-parentheses]
 4679 |                                      owner.expected_copy_end != 0) ||
      |                                                                    ~~
 4680 |              owner.saw_positive &&
      |              ~~~~~~~~~~~~~~~~~~~^~
 4681 |                  (owner.positive_bytes > received ||
      |                  ~~~~~~~~~~~~~~~~~~~~~~~~~~~~~~~~~~~
 4682 |                   owner.first_copy_begin != header + received - owner.positive_bytes ||
      |                   ~~~~~~~~~~~~~~~~~~~~~~~~~~~~~~~~~~~~~~~~~~~~~~~~~~~~~~~~~~~~~~~~~~~~~
 4683 |                   owner.expected_copy_end != header + received)))
      |                   ~~~~~~~~~~~~~~~~~~~~~~~~~~~~~~~~~~~~~~~~~~~~~
/home/hurricane/private/code/Rut/include/rut/runtime/iouring_event_loop.h:4680:33: note: place parentheses around the '&&' expression to silence this warning
 4680 |              owner.saw_positive &&
      |                                 ^
      |              (
 4681 |                  (owner.positive_bytes > received ||
 4682 |                   owner.first_copy_begin != header + received - owner.positive_bytes ||
 4683 |                   owner.expected_copy_end != header + received)))
      |                                                                
      |                                                                )
In file included from /home/hurricane/private/code/Rut/src/main.cc:20:
In file included from /home/hurricane/private/code/Rut/include/rut/serve_loader.h:27:
In file included from /home/hurricane/private/code/Rut/include/rut/compiler/lower_rir.h:4:
In file included from /home/hurricane/private/code/Rut/include/rut/compiler/mir.h:13:
/home/hurricane/private/code/Rut/include/rut/compiler/ast.h:1067:21: warning: enumeration values 'Upstream', 'Import', and 'Using' not explicitly handled in switch [-Wswitch-enum]
 1067 |             switch (items[i].kind) {
      |                     ^~~~~~~~~~~~~
5 warnings generated.
[13/84] Linking CXX executable tests/test_io_uring_memlock
[14/84] Linking CXX executable tests/test_rir
[15/84] Building CXX object bench/CMakeFiles/bench_connection.dir/bench_connection.cc.o
In file included from /home/hurricane/private/code/Rut/bench/bench_connection.cc:8:
In file included from /home/hurricane/private/code/Rut/include/rut/runtime/callbacks_impl.h:7:
In file included from /home/hurricane/private/code/Rut/include/rut/runtime/callbacks_h2.h:18:
In file included from /home/hurricane/private/code/Rut/include/rut/runtime/http2_conn.h:8:
In file included from /home/hurricane/private/code/Rut/include/rut/runtime/route_table.h:15:
In file included from /home/hurricane/private/code/Rut/include/rut/runtime/rate_limit_key.h:3:
/home/hurricane/private/code/Rut/include/rut/common/rate_limit_key_spec.h:130:21: warning: enumeration values 'Ip', 'Query', and 'Param' not explicitly handled in switch [-Wswitch-enum]
  130 |             switch (k.comps[j].kind) {
      |                     ^~~~~~~~~~~~~~~
1 warning generated.
[16/84] Linking CXX executable tests/test_envoy_parser
[17/84] Building CXX object tests/CMakeFiles/test_harness.dir/test_harness.cc.o
In file included from /home/hurricane/private/code/Rut/tests/test_harness.cc:7:
In file included from /home/hurricane/private/code/Rut/include/rut/harness/scenario_driver.h:6:
In file included from /home/hurricane/private/code/Rut/include/rut/harness/source_target.h:4:
In file included from /home/hurricane/private/code/Rut/include/rut/serve_loader.h:27:
In file included from /home/hurricane/private/code/Rut/include/rut/compiler/lower_rir.h:4:
In file included from /home/hurricane/private/code/Rut/include/rut/compiler/mir.h:6:
/home/hurricane/private/code/Rut/include/rut/common/rate_limit_key_spec.h:130:21: warning: enumeration values 'Ip', 'Query', and 'Param' not explicitly handled in switch [-Wswitch-enum]
  130 |             switch (k.comps[j].kind) {
      |                     ^~~~~~~~~~~~~~~
In file included from /home/hurricane/private/code/Rut/tests/test_harness.cc:7:
In file included from /home/hurricane/private/code/Rut/include/rut/harness/scenario_driver.h:6:
In file included from /home/hurricane/private/code/Rut/include/rut/harness/source_target.h:4:
In file included from /home/hurricane/private/code/Rut/include/rut/serve_loader.h:27:
In file included from /home/hurricane/private/code/Rut/include/rut/compiler/lower_rir.h:4:
In file included from /home/hurricane/private/code/Rut/include/rut/compiler/mir.h:13:
/home/hurricane/private/code/Rut/include/rut/compiler/ast.h:1067:21: warning: enumeration values 'Upstream', 'Import', and 'Using' not explicitly handled in switch [-Wswitch-enum]
 1067 |             switch (items[i].kind) {
      |                     ^~~~~~~~~~~~~
2 warnings generated.
[18/84] Building CXX object tests/CMakeFiles/test_envoy_convert.dir/test_envoy_convert.cc.o
In file included from /home/hurricane/private/code/Rut/tests/test_envoy_convert.cc:7:
In file included from /home/hurricane/private/code/Rut/include/rut/compiler/analyze.h:3:
In file included from /home/hurricane/private/code/Rut/include/rut/compiler/ast.h:7:
/home/hurricane/private/code/Rut/include/rut/common/rate_limit_key_spec.h:130:21: warning: enumeration values 'Ip', 'Query', and 'Param' not explicitly handled in switch [-Wswitch-enum]
  130 |             switch (k.comps[j].kind) {
      |                     ^~~~~~~~~~~~~~~
In file included from /home/hurricane/private/code/Rut/tests/test_envoy_convert.cc:7:
In file included from /home/hurricane/private/code/Rut/include/rut/compiler/analyze.h:3:
/home/hurricane/private/code/Rut/include/rut/compiler/ast.h:1067:21: warning: enumeration values 'Upstream', 'Import', and 'Using' not explicitly handled in switch [-Wswitch-enum]
 1067 |             switch (items[i].kind) {
      |                     ^~~~~~~~~~~~~
2 warnings generated.
[19/84] Building CXX object tests/CMakeFiles/test_access_log.dir/test_access_log.cc.o
In file included from /home/hurricane/private/code/Rut/tests/test_access_log.cc:5:
In file included from /home/hurricane/private/code/Rut/tests/test_helpers.h:6:
In file included from /home/hurricane/private/code/Rut/include/rut/runtime/callbacks_impl.h:7:
In file included from /home/hurricane/private/code/Rut/include/rut/runtime/callbacks_h2.h:18:
In file included from /home/hurricane/private/code/Rut/include/rut/runtime/http2_conn.h:8:
In file included from /home/hurricane/private/code/Rut/include/rut/runtime/route_table.h:15:
In file included from /home/hurricane/private/code/Rut/include/rut/runtime/rate_limit_key.h:3:
/home/hurricane/private/code/Rut/include/rut/common/rate_limit_key_spec.h:130:21: warning: enumeration values 'Ip', 'Query', and 'Param' not explicitly handled in switch [-Wswitch-enum]
  130 |             switch (k.comps[j].kind) {
      |                     ^~~~~~~~~~~~~~~
1 warning generated.
[20/84] Building CXX object tests/CMakeFiles/test_sim.dir/test_sim.cc.o
In file included from /home/hurricane/private/code/Rut/tests/test_sim.cc:4:
In file included from /home/hurricane/private/code/Rut/include/rut/runtime/shard.h:10:
In file included from /home/hurricane/private/code/Rut/include/rut/runtime/event_loop.h:19:
In file included from /home/hurricane/private/code/Rut/include/rut/runtime/route_table.h:15:
In file included from /home/hurricane/private/code/Rut/include/rut/runtime/rate_limit_key.h:3:
/home/hurricane/private/code/Rut/include/rut/common/rate_limit_key_spec.h:130:21: warning: enumeration values 'Ip', 'Query', and 'Param' not explicitly handled in switch [-Wswitch-enum]
  130 |             switch (k.comps[j].kind) {
      |                     ^~~~~~~~~~~~~~~
1 warning generated.
[21/84] Building CXX object tests/CMakeFiles/test_drain.dir/test_drain.cc.o
In file included from /home/hurricane/private/code/Rut/tests/test_drain.cc:3:
In file included from /home/hurricane/private/code/Rut/include/rut/runtime/event_loop.h:19:
In file included from /home/hurricane/private/code/Rut/include/rut/runtime/route_table.h:15:
In file included from /home/hurricane/private/code/Rut/include/rut/runtime/rate_limit_key.h:3:
/home/hurricane/private/code/Rut/include/rut/common/rate_limit_key_spec.h:130:21: warning: enumeration values 'Ip', 'Query', and 'Param' not explicitly handled in switch [-Wswitch-enum]
  130 |             switch (k.comps[j].kind) {
      |                     ^~~~~~~~~~~~~~~
1 warning generated.
[22/84] Building CXX object src/CMakeFiles/rut_runtime.dir/runtime/callbacks.cc.o
In file included from /home/hurricane/private/code/Rut/src/runtime/callbacks.cc:4:
In file included from /home/hurricane/private/code/Rut/include/rut/runtime/callbacks_impl.h:7:
In file included from /home/hurricane/private/code/Rut/include/rut/runtime/callbacks_h2.h:18:
In file included from /home/hurricane/private/code/Rut/include/rut/runtime/http2_conn.h:8:
In file included from /home/hurricane/private/code/Rut/include/rut/runtime/route_table.h:15:
In file included from /home/hurricane/private/code/Rut/include/rut/runtime/rate_limit_key.h:3:
/home/hurricane/private/code/Rut/include/rut/common/rate_limit_key_spec.h:130:21: warning: enumeration values 'Ip', 'Query', and 'Param' not explicitly handled in switch [-Wswitch-enum]
  130 |             switch (k.comps[j].kind) {
      |                     ^~~~~~~~~~~~~~~
In file included from /home/hurricane/private/code/Rut/src/runtime/callbacks.cc:15:
/home/hurricane/private/code/Rut/include/rut/runtime/iouring_event_loop.h:846:88: warning: '&&' within '||' [-Wlogical-op-parentheses]
  846 |              (!complete_content_length_request_policy_is_admitted(c.request_policy_id) &&
      |               ~~~~~~~~~~~~~~~~~~~~~~~~~~~~~~~~~~~~~~~~~~~~~~~~~~~~~~~~~~~~~~~~~~~~~~~~~^~
  847 |                   !bodyless_get_retained_policy ||
      |                   ~~~~~~~~~~~~~~~~~~~~~~~~~~~~~ ~~
/home/hurricane/private/code/Rut/include/rut/runtime/iouring_event_loop.h:846:88: note: place parentheses around the '&&' expression to silence this warning
  846 |              (!complete_content_length_request_policy_is_admitted(c.request_policy_id) &&
      |                                                                                        ^
      |               (
  847 |                   !bodyless_get_retained_policy ||
      |                                                )
/home/hurricane/private/code/Rut/include/rut/runtime/iouring_event_loop.h:4678:34: warning: '&&' within '||' [-Wlogical-op-parentheses]
 4678 |             (!owner.saw_positive && (owner.positive_bytes != 0 || owner.first_copy_begin != 0 ||
      |              ~~~~~~~~~~~~~~~~~~~~^~~~~~~~~~~~~~~~~~~~~~~~~~~~~~~~~~~~~~~~~~~~~~~~~~~~~~~~~~~~~~~
 4679 |                                      owner.expected_copy_end != 0) ||
      |                                      ~~~~~~~~~~~~~~~~~~~~~~~~~~~~~ ~~
/home/hurricane/private/code/Rut/include/rut/runtime/iouring_event_loop.h:4678:34: note: place parentheses around the '&&' expression to silence this warning
 4678 |             (!owner.saw_positive && (owner.positive_bytes != 0 || owner.first_copy_begin != 0 ||
      |                                  ^
      |              (
 4679 |                                      owner.expected_copy_end != 0) ||
      |                                                                   )
/home/hurricane/private/code/Rut/include/rut/runtime/iouring_event_loop.h:4680:33: warning: '&&' within '||' [-Wlogical-op-parentheses]
 4679 |                                      owner.expected_copy_end != 0) ||
      |                                                                    ~~
 4680 |              owner.saw_positive &&
      |              ~~~~~~~~~~~~~~~~~~~^~
 4681 |                  (owner.positive_bytes > received ||
      |                  ~~~~~~~~~~~~~~~~~~~~~~~~~~~~~~~~~~~
 4682 |                   owner.first_copy_begin != header + received - owner.positive_bytes ||
      |                   ~~~~~~~~~~~~~~~~~~~~~~~~~~~~~~~~~~~~~~~~~~~~~~~~~~~~~~~~~~~~~~~~~~~~~
 4683 |                   owner.expected_copy_end != header + received)))
      |                   ~~~~~~~~~~~~~~~~~~~~~~~~~~~~~~~~~~~~~~~~~~~~~
/home/hurricane/private/code/Rut/include/rut/runtime/iouring_event_loop.h:4680:33: note: place parentheses around the '&&' expression to silence this warning
 4680 |              owner.saw_positive &&
      |                                 ^
      |              (
 4681 |                  (owner.positive_bytes > received ||
 4682 |                   owner.first_copy_begin != header + received - owner.positive_bytes ||
 4683 |                   owner.expected_copy_end != header + received)))
      |                                                                
      |                                                                )
4 warnings generated.
[23/84] Linking CXX static library src/librut_runtime.a
[24/84] Linking CXX static library src/librut_harness_runtime.a
[25/84] Linking CXX executable tests/test_http2
[26/84] Linking CXX static library src/librut_simulate.a
[27/84] Linking CXX executable tests/test_arena
[28/84] Linking CXX executable tests/test_http_parser
[29/84] Linking CXX executable tests/test_target_transform
[30/84] Linking CXX executable tests/test_ws_terminate
[31/84] Linking CXX executable tests/test_hpack_diff
[32/84] Linking CXX executable tests/test_ws_frame
[33/84] Linking CXX executable tests/test_hpack
[34/84] Linking CXX executable tests/test_redirect_policy
[35/84] Linking CXX executable tests/test_chunked_parser
[36/84] Linking CXX executable tests/test_route_trie
[37/84] Linking CXX executable tests/test_route_art
[38/84] Linking CXX executable tests/test_route_select
[39/84] Linking CXX executable tests/test_http2_conn
[40/84] Linking CXX executable tests/test_access_log_live
[41/84] Linking CXX executable tests/test_access_log
[42/84] Linking CXX executable tests/test_drain
[43/84] Linking CXX executable tests/test_envoy_convert
[44/84] Linking CXX executable tests/test_access_log_live_writer
[45/84] Linking CXX executable tests/test_access_log_live_producer
[46/84] Linking CXX executable tests/test_debug
[47/84] Linking CXX executable tests/test_fixture_privileged_listener_loader
[48/84] Linking CXX executable src/rut-simulate
[49/84] Linking CXX executable bench/bench_connection
[50/84] Linking CXX executable bench/bench_hpack
[51/84] Linking CXX executable bench/bench_http_parser
[52/84] Linking CXX executable tests/test_fault_injection
[53/84] Linking CXX executable src/rut
[54/84] Linking CXX executable tests/test_sim
[55/84] Linking CXX executable bench/bench_scan_uri
[56/84] Linking CXX executable tests/test_access_log_startup
[57/84] Building CXX object tests/CMakeFiles/test_metrics.dir/test_metrics.cc.o
In file included from /home/hurricane/private/code/Rut/tests/test_metrics.cc:5:
In file included from /home/hurricane/private/code/Rut/tests/test_helpers.h:6:
In file included from /home/hurricane/private/code/Rut/include/rut/runtime/callbacks_impl.h:7:
In file included from /home/hurricane/private/code/Rut/include/rut/runtime/callbacks_h2.h:18:
In file included from /home/hurricane/private/code/Rut/include/rut/runtime/http2_conn.h:8:
In file included from /home/hurricane/private/code/Rut/include/rut/runtime/route_table.h:15:
In file included from /home/hurricane/private/code/Rut/include/rut/runtime/rate_limit_key.h:3:
/home/hurricane/private/code/Rut/include/rut/common/rate_limit_key_spec.h:130:21: warning: enumeration values 'Ip', 'Query', and 'Param' not explicitly handled in switch [-Wswitch-enum]
  130 |             switch (k.comps[j].kind) {
      |                     ^~~~~~~~~~~~~~~
1 warning generated.
[58/84] Linking CXX executable tests/test_metrics
[59/84] Linking CXX executable tests/test_harness
[60/84] Linking CXX executable bench/bench_art_jit_spike
[61/84] Linking CXX executable bench/bench_routing_matrix
[62/84] Linking CXX executable bench/bench_dispatch_compare
[63/84] Building CXX object tests/CMakeFiles/test_simulate_engine.dir/test_simulate_engine.cc.o
In file included from /home/hurricane/private/code/Rut/tests/test_simulate_engine.cc:1:
In file included from /home/hurricane/private/code/Rut/include/rut/compiler/analyze.h:3:
In file included from /home/hurricane/private/code/Rut/include/rut/compiler/ast.h:7:
/home/hurricane/private/code/Rut/include/rut/common/rate_limit_key_spec.h:130:21: warning: enumeration values 'Ip', 'Query', and 'Param' not explicitly handled in switch [-Wswitch-enum]
  130 |             switch (k.comps[j].kind) {
      |                     ^~~~~~~~~~~~~~~
In file included from /home/hurricane/private/code/Rut/tests/test_simulate_engine.cc:1:
In file included from /home/hurricane/private/code/Rut/include/rut/compiler/analyze.h:3:
/home/hurricane/private/code/Rut/include/rut/compiler/ast.h:1067:21: warning: enumeration values 'Upstream', 'Import', and 'Using' not explicitly handled in switch [-Wswitch-enum]
 1067 |             switch (items[i].kind) {
      |                     ^~~~~~~~~~~~~
In file included from /home/hurricane/private/code/Rut/tests/test_simulate_engine.cc:6:
/home/hurricane/private/code/Rut/include/rut/compiler/rir_builder.h:221:13: warning: '__COUNTER__' is a C2y extension [-Wc2y-extensions]
  221 |             TRY_VOID(grow_blocks(fn));
      |             ^
/home/hurricane/private/code/Rut/include/core/expected.h:453:44: note: expanded from macro 'TRY_VOID'
  453 | #define TRY_VOID(expr) TRY_VOID_IMPL(expr, __COUNTER__)
      |                                            ^
In file included from /home/hurricane/private/code/Rut/tests/test_simulate_engine.cc:6:
/home/hurricane/private/code/Rut/include/rut/compiler/rir_builder.h:341:13: warning: '__COUNTER__' is a C2y extension [-Wc2y-extensions]
  341 |             TRY_VOID(grow_insts(cur_block));
      |             ^
/home/hurricane/private/code/Rut/include/core/expected.h:453:44: note: expanded from macro 'TRY_VOID'
  453 | #define TRY_VOID(expr) TRY_VOID_IMPL(expr, __COUNTER__)
      |                                            ^
In file included from /home/hurricane/private/code/Rut/tests/test_simulate_engine.cc:6:
/home/hurricane/private/code/Rut/include/rut/compiler/rir_builder.h:347:17: warning: '__COUNTER__' is a C2y extension [-Wc2y-extensions]
  347 |                 TRY_VOID(grow_values(cur_func));
      |                 ^
/home/hurricane/private/code/Rut/include/core/expected.h:453:44: note: expanded from macro 'TRY_VOID'
  453 | #define TRY_VOID(expr) TRY_VOID_IMPL(expr, __COUNTER__)
      |                                            ^
In file included from /home/hurricane/private/code/Rut/tests/test_simulate_engine.cc:6:
/home/hurricane/private/code/Rut/include/rut/compiler/rir_builder.h:404:20: warning: '__COUNTER__' is a C2y extension [-Wc2y-extensions]
  404 |         auto* ty = TRY(make_type(TypeKind::Str));
      |                    ^
/home/hurricane/private/code/Rut/include/core/expected.h:450:34: note: expanded from macro 'TRY'
  450 | #define TRY(expr) TRY_IMPL(expr, __COUNTER__)
      |                                  ^
In file included from /home/hurricane/private/code/Rut/tests/test_simulate_engine.cc:6:
/home/hurricane/private/code/Rut/include/rut/compiler/rir_builder.h:405:28: warning: '__COUNTER__' is a C2y extension [-Wc2y-extensions]
  405 |         auto [inst, vid] = TRY(emit(Opcode::ConstStr, ty, loc));
      |                            ^
/home/hurricane/private/code/Rut/include/core/expected.h:450:34: note: expanded from macro 'TRY'
  450 | #define TRY(expr) TRY_IMPL(expr, __COUNTER__)
      |                                  ^
In file included from /home/hurricane/private/code/Rut/tests/test_simulate_engine.cc:6:
/home/hurricane/private/code/Rut/include/rut/compiler/rir_builder.h:411:20: warning: '__COUNTER__' is a C2y extension [-Wc2y-extensions]
  411 |         auto* ty = TRY(make_type(TypeKind::I32));
      |                    ^
/home/hurricane/private/code/Rut/include/core/expected.h:450:34: note: expanded from macro 'TRY'
  450 | #define TRY(expr) TRY_IMPL(expr, __COUNTER__)
      |                                  ^
In file included from /home/hurricane/private/code/Rut/tests/test_simulate_engine.cc:6:
/home/hurricane/private/code/Rut/include/rut/compiler/rir_builder.h:412:28: warning: '__COUNTER__' is a C2y extension [-Wc2y-extensions]
  412 |         auto [inst, vid] = TRY(emit(Opcode::ConstI32, ty, loc));
      |                            ^
/home/hurricane/private/code/Rut/include/core/expected.h:450:34: note: expanded from macro 'TRY'
  450 | #define TRY(expr) TRY_IMPL(expr, __COUNTER__)
      |                                  ^
In file included from /home/hurricane/private/code/Rut/tests/test_simulate_engine.cc:6:
/home/hurricane/private/code/Rut/include/rut/compiler/rir_builder.h:418:20: warning: '__COUNTER__' is a C2y extension [-Wc2y-extensions]
  418 |         auto* ty = TRY(make_type(TypeKind::I64));
      |                    ^
/home/hurricane/private/code/Rut/include/core/expected.h:450:34: note: expanded from macro 'TRY'
  450 | #define TRY(expr) TRY_IMPL(expr, __COUNTER__)
      |                                  ^
In file included from /home/hurricane/private/code/Rut/tests/test_simulate_engine.cc:6:
/home/hurricane/private/code/Rut/include/rut/compiler/rir_builder.h:419:28: warning: '__COUNTER__' is a C2y extension [-Wc2y-extensions]
  419 |         auto [inst, vid] = TRY(emit(Opcode::ConstI64, ty, loc));
      |                            ^
/home/hurricane/private/code/Rut/include/core/expected.h:450:34: note: expanded from macro 'TRY'
  450 | #define TRY(expr) TRY_IMPL(expr, __COUNTER__)
      |                                  ^
In file included from /home/hurricane/private/code/Rut/tests/test_simulate_engine.cc:6:
/home/hurricane/private/code/Rut/include/rut/compiler/rir_builder.h:425:20: warning: '__COUNTER__' is a C2y extension [-Wc2y-extensions]
  425 |         auto* ty = TRY(make_type(TypeKind::Bool));
      |                    ^
/home/hurricane/private/code/Rut/include/core/expected.h:450:34: note: expanded from macro 'TRY'
  450 | #define TRY(expr) TRY_IMPL(expr, __COUNTER__)
      |                                  ^
In file included from /home/hurricane/private/code/Rut/tests/test_simulate_engine.cc:6:
/home/hurricane/private/code/Rut/include/rut/compiler/rir_builder.h:426:28: warning: '__COUNTER__' is a C2y extension [-Wc2y-extensions]
  426 |         auto [inst, vid] = TRY(emit(Opcode::ConstBool, ty, loc));
      |                            ^
/home/hurricane/private/code/Rut/include/core/expected.h:450:34: note: expanded from macro 'TRY'
  450 | #define TRY(expr) TRY_IMPL(expr, __COUNTER__)
      |                                  ^
In file included from /home/hurricane/private/code/Rut/tests/test_simulate_engine.cc:6:
/home/hurricane/private/code/Rut/include/rut/compiler/rir_builder.h:432:20: warning: '__COUNTER__' is a C2y extension [-Wc2y-extensions]
  432 |         auto* ty = TRY(make_type(TypeKind::Duration));
      |                    ^
/home/hurricane/private/code/Rut/include/core/expected.h:450:34: note: expanded from macro 'TRY'
  450 | #define TRY(expr) TRY_IMPL(expr, __COUNTER__)
      |                                  ^
In file included from /home/hurricane/private/code/Rut/tests/test_simulate_engine.cc:6:
/home/hurricane/private/code/Rut/include/rut/compiler/rir_builder.h:433:28: warning: '__COUNTER__' is a C2y extension [-Wc2y-extensions]
  433 |         auto [inst, vid] = TRY(emit(Opcode::ConstDuration, ty, loc));
      |                            ^
/home/hurricane/private/code/Rut/include/core/expected.h:450:34: note: expanded from macro 'TRY'
  450 | #define TRY(expr) TRY_IMPL(expr, __COUNTER__)
      |                                  ^
In file included from /home/hurricane/private/code/Rut/tests/test_simulate_engine.cc:6:
/home/hurricane/private/code/Rut/include/rut/compiler/rir_builder.h:439:20: warning: '__COUNTER__' is a C2y extension [-Wc2y-extensions]
  439 |         auto* ty = TRY(make_type(TypeKind::ByteSize));
      |                    ^
/home/hurricane/private/code/Rut/include/core/expected.h:450:34: note: expanded from macro 'TRY'
  450 | #define TRY(expr) TRY_IMPL(expr, __COUNTER__)
      |                                  ^
In file included from /home/hurricane/private/code/Rut/tests/test_simulate_engine.cc:6:
/home/hurricane/private/code/Rut/include/rut/compiler/rir_builder.h:440:28: warning: '__COUNTER__' is a C2y extension [-Wc2y-extensions]
  440 |         auto [inst, vid] = TRY(emit(Opcode::ConstByteSize, ty, loc));
      |                            ^
/home/hurricane/private/code/Rut/include/core/expected.h:450:34: note: expanded from macro 'TRY'
  450 | #define TRY(expr) TRY_IMPL(expr, __COUNTER__)
      |                                  ^
In file included from /home/hurricane/private/code/Rut/tests/test_simulate_engine.cc:6:
/home/hurricane/private/code/Rut/include/rut/compiler/rir_builder.h:446:20: warning: '__COUNTER__' is a C2y extension [-Wc2y-extensions]
  446 |         auto* ty = TRY(make_type(TypeKind::Method));
      |                    ^
/home/hurricane/private/code/Rut/include/core/expected.h:450:34: note: expanded from macro 'TRY'
  450 | #define TRY(expr) TRY_IMPL(expr, __COUNTER__)
      |                                  ^
In file included from /home/hurricane/private/code/Rut/tests/test_simulate_engine.cc:6:
/home/hurricane/private/code/Rut/include/rut/compiler/rir_builder.h:447:28: warning: '__COUNTER__' is a C2y extension [-Wc2y-extensions]
  447 |         auto [inst, vid] = TRY(emit(Opcode::ConstMethod, ty, loc));
      |                            ^
/home/hurricane/private/code/Rut/include/core/expected.h:450:34: note: expanded from macro 'TRY'
  450 | #define TRY(expr) TRY_IMPL(expr, __COUNTER__)
      |                                  ^
In file included from /home/hurricane/private/code/Rut/tests/test_simulate_engine.cc:6:
/home/hurricane/private/code/Rut/include/rut/compiler/rir_builder.h:453:20: warning: '__COUNTER__' is a C2y extension [-Wc2y-extensions]
  453 |         auto* ty = TRY(make_type(TypeKind::StatusCode));
      |                    ^
/home/hurricane/private/code/Rut/include/core/expected.h:450:34: note: expanded from macro 'TRY'
  450 | #define TRY(expr) TRY_IMPL(expr, __COUNTER__)
      |                                  ^
In file included from /home/hurricane/private/code/Rut/tests/test_simulate_engine.cc:6:
/home/hurricane/private/code/Rut/include/rut/compiler/rir_builder.h:454:28: warning: '__COUNTER__' is a C2y extension [-Wc2y-extensions]
  454 |         auto [inst, vid] = TRY(emit(Opcode::ConstStatus, ty, loc));
      |                            ^
/home/hurricane/private/code/Rut/include/core/expected.h:450:34: note: expanded from macro 'TRY'
  450 | #define TRY(expr) TRY_IMPL(expr, __COUNTER__)
      |                                  ^
In file included from /home/hurricane/private/code/Rut/tests/test_simulate_engine.cc:6:
/home/hurricane/private/code/Rut/include/rut/compiler/rir_builder.h:462:23: warning: '__COUNTER__' is a C2y extension [-Wc2y-extensions]
  462 |         auto* inner = TRY(make_type(TypeKind::Str));
      |                       ^
/home/hurricane/private/code/Rut/include/core/expected.h:450:34: note: expanded from macro 'TRY'
  450 | #define TRY(expr) TRY_IMPL(expr, __COUNTER__)
      |                                  ^
In file included from /home/hurricane/private/code/Rut/tests/test_simulate_engine.cc:6:
/home/hurricane/private/code/Rut/include/rut/compiler/rir_builder.h:463:20: warning: '__COUNTER__' is a C2y extension [-Wc2y-extensions]
  463 |         auto* ty = TRY(make_type(TypeKind::Optional, inner));
      |                    ^
/home/hurricane/private/code/Rut/include/core/expected.h:450:34: note: expanded from macro 'TRY'
  450 | #define TRY(expr) TRY_IMPL(expr, __COUNTER__)
      |                                  ^
In file included from /home/hurricane/private/code/Rut/tests/test_simulate_engine.cc:6:
/home/hurricane/private/code/Rut/include/rut/compiler/rir_builder.h:464:28: warning: '__COUNTER__' is a C2y extension [-Wc2y-extensions]
  464 |         auto [inst, vid] = TRY(emit(Opcode::ReqHeader, ty, loc));
      |                            ^
/home/hurricane/private/code/Rut/include/core/expected.h:450:34: note: expanded from macro 'TRY'
  450 | #define TRY(expr) TRY_IMPL(expr, __COUNTER__)
      |                                  ^
In file included from /home/hurricane/private/code/Rut/tests/test_simulate_engine.cc:6:
/home/hurricane/private/code/Rut/include/rut/compiler/rir_builder.h:470:20: warning: '__COUNTER__' is a C2y extension [-Wc2y-extensions]
  470 |         auto* ty = TRY(make_type(TypeKind::Str));
      |                    ^
/home/hurricane/private/code/Rut/include/core/expected.h:450:34: note: expanded from macro 'TRY'
  450 | #define TRY(expr) TRY_IMPL(expr, __COUNTER__)
      |                                  ^
In file included from /home/hurricane/private/code/Rut/tests/test_simulate_engine.cc:6:
/home/hurricane/private/code/Rut/include/rut/compiler/rir_builder.h:471:28: warning: '__COUNTER__' is a C2y extension [-Wc2y-extensions]
  471 |         auto [inst, vid] = TRY(emit(Opcode::ReqParam, ty, loc));
      |                            ^
/home/hurricane/private/code/Rut/include/core/expected.h:450:34: note: expanded from macro 'TRY'
  450 | #define TRY(expr) TRY_IMPL(expr, __COUNTER__)
      |                                  ^
In file included from /home/hurricane/private/code/Rut/tests/test_simulate_engine.cc:6:
/home/hurricane/private/code/Rut/include/rut/compiler/rir_builder.h:477:20: warning: '__COUNTER__' is a C2y extension [-Wc2y-extensions]
  477 |         auto* ty = TRY(make_type(TypeKind::Method));
      |                    ^
/home/hurricane/private/code/Rut/include/core/expected.h:450:34: note: expanded from macro 'TRY'
  450 | #define TRY(expr) TRY_IMPL(expr, __COUNTER__)
      |                                  ^
In file included from /home/hurricane/private/code/Rut/tests/test_simulate_engine.cc:6:
/home/hurricane/private/code/Rut/include/rut/compiler/rir_builder.h:478:16: warning: '__COUNTER__' is a C2y extension [-Wc2y-extensions]
  478 |         return TRY(emit(Opcode::ReqMethod, ty, loc)).vid;
      |                ^
/home/hurricane/private/code/Rut/include/core/expected.h:450:34: note: expanded from macro 'TRY'
  450 | #define TRY(expr) TRY_IMPL(expr, __COUNTER__)
      |                                  ^
In file included from /home/hurricane/private/code/Rut/tests/test_simulate_engine.cc:6:
/home/hurricane/private/code/Rut/include/rut/compiler/rir_builder.h:482:20: warning: '__COUNTER__' is a C2y extension [-Wc2y-extensions]
  482 |         auto* ty = TRY(make_type(TypeKind::Str));
      |                    ^
/home/hurricane/private/code/Rut/include/core/expected.h:450:34: note: expanded from macro 'TRY'
  450 | #define TRY(expr) TRY_IMPL(expr, __COUNTER__)
      |                                  ^
In file included from /home/hurricane/private/code/Rut/tests/test_simulate_engine.cc:6:
/home/hurricane/private/code/Rut/include/rut/compiler/rir_builder.h:483:16: warning: '__COUNTER__' is a C2y extension [-Wc2y-extensions]
  483 |         return TRY(emit(Opcode::ReqPath, ty, loc)).vid;
      |                ^
/home/hurricane/private/code/Rut/include/core/expected.h:450:34: note: expanded from macro 'TRY'
  450 | #define TRY(expr) TRY_IMPL(expr, __COUNTER__)
      |                                  ^
In file included from /home/hurricane/private/code/Rut/tests/test_simulate_engine.cc:6:
/home/hurricane/private/code/Rut/include/rut/compiler/rir_builder.h:487:20: warning: '__COUNTER__' is a C2y extension [-Wc2y-extensions]
  487 |         auto* ty = TRY(make_type(TypeKind::Str));
      |                    ^
/home/hurricane/private/code/Rut/include/core/expected.h:450:34: note: expanded from macro 'TRY'
  450 | #define TRY(expr) TRY_IMPL(expr, __COUNTER__)
      |                                  ^
In file included from /home/hurricane/private/code/Rut/tests/test_simulate_engine.cc:6:
/home/hurricane/private/code/Rut/include/rut/compiler/rir_builder.h:488:16: warning: '__COUNTER__' is a C2y extension [-Wc2y-extensions]
  488 |         return TRY(emit(Opcode::ReqPathOnly, ty, loc)).vid;
      |                ^
/home/hurricane/private/code/Rut/include/core/expected.h:450:34: note: expanded from macro 'TRY'
  450 | #define TRY(expr) TRY_IMPL(expr, __COUNTER__)
      |                                  ^
In file included from /home/hurricane/private/code/Rut/tests/test_simulate_engine.cc:6:
/home/hurricane/private/code/Rut/include/rut/compiler/rir_builder.h:492:20: warning: '__COUNTER__' is a C2y extension [-Wc2y-extensions]
  492 |         auto* ty = TRY(make_type(TypeKind::Str));
      |                    ^
/home/hurricane/private/code/Rut/include/core/expected.h:450:34: note: expanded from macro 'TRY'
  450 | #define TRY(expr) TRY_IMPL(expr, __COUNTER__)
      |                                  ^
In file included from /home/hurricane/private/code/Rut/tests/test_simulate_engine.cc:6:
/home/hurricane/private/code/Rut/include/rut/compiler/rir_builder.h:493:16: warning: '__COUNTER__' is a C2y extension [-Wc2y-extensions]
  493 |         return TRY(emit(Opcode::ReqBody, ty, loc)).vid;
      |                ^
/home/hurricane/private/code/Rut/include/core/expected.h:450:34: note: expanded from macro 'TRY'
  450 | #define TRY(expr) TRY_IMPL(expr, __COUNTER__)
      |                                  ^
In file included from /home/hurricane/private/code/Rut/tests/test_simulate_engine.cc:6:
/home/hurricane/private/code/Rut/include/rut/compiler/rir_builder.h:497:20: warning: '__COUNTER__' is a C2y extension [-Wc2y-extensions]
  497 |         auto* ty = TRY(make_type(TypeKind::Bool));
      |                    ^
/home/hurricane/private/code/Rut/include/core/expected.h:450:34: note: expanded from macro 'TRY'
  450 | #define TRY(expr) TRY_IMPL(expr, __COUNTER__)
      |                                  ^
In file included from /home/hurricane/private/code/Rut/tests/test_simulate_engine.cc:6:
/home/hurricane/private/code/Rut/include/rut/compiler/rir_builder.h:498:16: warning: '__COUNTER__' is a C2y extension [-Wc2y-extensions]
  498 |         return TRY(emit(Opcode::ReqKeepAlive, ty, loc)).vid;
      |                ^
/home/hurricane/private/code/Rut/include/core/expected.h:450:34: note: expanded from macro 'TRY'
  450 | #define TRY(expr) TRY_IMPL(expr, __COUNTER__)
      |                                  ^
In file included from /home/hurricane/private/code/Rut/tests/test_simulate_engine.cc:6:
/home/hurricane/private/code/Rut/include/rut/compiler/rir_builder.h:502:20: warning: '__COUNTER__' is a C2y extension [-Wc2y-extensions]
  502 |         auto* ty = TRY(make_type(TypeKind::Bool));
      |                    ^
/home/hurricane/private/code/Rut/include/core/expected.h:450:34: note: expanded from macro 'TRY'
  450 | #define TRY(expr) TRY_IMPL(expr, __COUNTER__)
      |                                  ^
In file included from /home/hurricane/private/code/Rut/tests/test_simulate_engine.cc:6:
/home/hurricane/private/code/Rut/include/rut/compiler/rir_builder.h:503:16: warning: '__COUNTER__' is a C2y extension [-Wc2y-extensions]
  503 |         return TRY(emit(Opcode::ReqChunked, ty, loc)).vid;
      |                ^
/home/hurricane/private/code/Rut/include/core/expected.h:450:34: note: expanded from macro 'TRY'
  450 | #define TRY(expr) TRY_IMPL(expr, __COUNTER__)
      |                                  ^
In file included from /home/hurricane/private/code/Rut/tests/test_simulate_engine.cc:6:
/home/hurricane/private/code/Rut/include/rut/compiler/rir_builder.h:507:20: warning: '__COUNTER__' is a C2y extension [-Wc2y-extensions]
  507 |         auto* ty = TRY(make_type(TypeKind::Bool));
      |                    ^
/home/hurricane/private/code/Rut/include/core/expected.h:450:34: note: expanded from macro 'TRY'
  450 | #define TRY(expr) TRY_IMPL(expr, __COUNTER__)
      |                                  ^
In file included from /home/hurricane/private/code/Rut/tests/test_simulate_engine.cc:6:
/home/hurricane/private/code/Rut/include/rut/compiler/rir_builder.h:508:16: warning: '__COUNTER__' is a C2y extension [-Wc2y-extensions]
  508 |         return TRY(emit(Opcode::ReqHasContentLength, ty, loc)).vid;
      |                ^
/home/hurricane/private/code/Rut/include/core/expected.h:450:34: note: expanded from macro 'TRY'
  450 | #define TRY(expr) TRY_IMPL(expr, __COUNTER__)
      |                                  ^
In file included from /home/hurricane/private/code/Rut/tests/test_simulate_engine.cc:6:
/home/hurricane/private/code/Rut/include/rut/compiler/rir_builder.h:512:20: warning: '__COUNTER__' is a C2y extension [-Wc2y-extensions]
  512 |         auto* ty = TRY(make_type(TypeKind::Bool));
      |                    ^
/home/hurricane/private/code/Rut/include/core/expected.h:450:34: note: expanded from macro 'TRY'
  450 | #define TRY(expr) TRY_IMPL(expr, __COUNTER__)
      |                                  ^
In file included from /home/hurricane/private/code/Rut/tests/test_simulate_engine.cc:6:
/home/hurricane/private/code/Rut/include/rut/compiler/rir_builder.h:513:16: warning: '__COUNTER__' is a C2y extension [-Wc2y-extensions]
  513 |         return TRY(emit(Opcode::ReqHttp10, ty, loc)).vid;
      |                ^
/home/hurricane/private/code/Rut/include/core/expected.h:450:34: note: expanded from macro 'TRY'
  450 | #define TRY(expr) TRY_IMPL(expr, __COUNTER__)
      |                                  ^
In file included from /home/hurricane/private/code/Rut/tests/test_simulate_engine.cc:6:
/home/hurricane/private/code/Rut/include/rut/compiler/rir_builder.h:517:20: warning: '__COUNTER__' is a C2y extension [-Wc2y-extensions]
  517 |         auto* ty = TRY(make_type(TypeKind::Bool));
      |                    ^
/home/hurricane/private/code/Rut/include/core/expected.h:450:34: note: expanded from macro 'TRY'
  450 | #define TRY(expr) TRY_IMPL(expr, __COUNTER__)
      |                                  ^
In file included from /home/hurricane/private/code/Rut/tests/test_simulate_engine.cc:6:
/home/hurricane/private/code/Rut/include/rut/compiler/rir_builder.h:518:16: warning: '__COUNTER__' is a C2y extension [-Wc2y-extensions]
  518 |         return TRY(emit(Opcode::ReqHttp11, ty, loc)).vid;
      |                ^
/home/hurricane/private/code/Rut/include/core/expected.h:450:34: note: expanded from macro 'TRY'
  450 | #define TRY(expr) TRY_IMPL(expr, __COUNTER__)
      |                                  ^
In file included from /home/hurricane/private/code/Rut/tests/test_simulate_engine.cc:6:
/home/hurricane/private/code/Rut/include/rut/compiler/rir_builder.h:522:20: warning: '__COUNTER__' is a C2y extension [-Wc2y-extensions]
  522 |         auto* ty = TRY(make_type(TypeKind::Str));
      |                    ^
/home/hurricane/private/code/Rut/include/core/expected.h:450:34: note: expanded from macro 'TRY'
  450 | #define TRY(expr) TRY_IMPL(expr, __COUNTER__)
      |                                  ^
In file included from /home/hurricane/private/code/Rut/tests/test_simulate_engine.cc:6:
/home/hurricane/private/code/Rut/include/rut/compiler/rir_builder.h:523:16: warning: '__COUNTER__' is a C2y extension [-Wc2y-extensions]
  523 |         return TRY(emit(Opcode::ReqHttpVersion, ty, loc)).vid;
      |                ^
/home/hurricane/private/code/Rut/include/core/expected.h:450:34: note: expanded from macro 'TRY'
  450 | #define TRY(expr) TRY_IMPL(expr, __COUNTER__)
      |                                  ^
In file included from /home/hurricane/private/code/Rut/tests/test_simulate_engine.cc:6:
/home/hurricane/private/code/Rut/include/rut/compiler/rir_builder.h:527:20: warning: '__COUNTER__' is a C2y extension [-Wc2y-extensions]
  527 |         auto* ty = TRY(make_type(TypeKind::I32));
      |                    ^
/home/hurricane/private/code/Rut/include/core/expected.h:450:34: note: expanded from macro 'TRY'
  450 | #define TRY(expr) TRY_IMPL(expr, __COUNTER__)
      |                                  ^
In file included from /home/hurricane/private/code/Rut/tests/test_simulate_engine.cc:6:
/home/hurricane/private/code/Rut/include/rut/compiler/rir_builder.h:528:16: warning: '__COUNTER__' is a C2y extension [-Wc2y-extensions]
  528 |         return TRY(emit(Opcode::ResumeEventKind, ty, loc)).vid;
      |                ^
/home/hurricane/private/code/Rut/include/core/expected.h:450:34: note: expanded from macro 'TRY'
  450 | #define TRY(expr) TRY_IMPL(expr, __COUNTER__)
      |                                  ^
In file included from /home/hurricane/private/code/Rut/tests/test_simulate_engine.cc:6:
/home/hurricane/private/code/Rut/include/rut/compiler/rir_builder.h:532:20: warning: '__COUNTER__' is a C2y extension [-Wc2y-extensions]
  532 |         auto* ty = TRY(make_type(TypeKind::I32));
      |                    ^
/home/hurricane/private/code/Rut/include/core/expected.h:450:34: note: expanded from macro 'TRY'
  450 | #define TRY(expr) TRY_IMPL(expr, __COUNTER__)
      |                                  ^
In file included from /home/hurricane/private/code/Rut/tests/test_simulate_engine.cc:6:
/home/hurricane/private/code/Rut/include/rut/compiler/rir_builder.h:533:16: warning: '__COUNTER__' is a C2y extension [-Wc2y-extensions]
  533 |         return TRY(emit(Opcode::ResumeEventResult, ty, loc)).vid;
      |                ^
/home/hurricane/private/code/Rut/include/core/expected.h:450:34: note: expanded from macro 'TRY'
  450 | #define TRY(expr) TRY_IMPL(expr, __COUNTER__)
      |                                  ^
In file included from /home/hurricane/private/code/Rut/tests/test_simulate_engine.cc:6:
/home/hurricane/private/code/Rut/include/rut/compiler/rir_builder.h:537:20: warning: '__COUNTER__' is a C2y extension [-Wc2y-extensions]
  537 |         auto* ty = TRY(make_type(TypeKind::I32));
      |                    ^
/home/hurricane/private/code/Rut/include/core/expected.h:450:34: note: expanded from macro 'TRY'
  450 | #define TRY(expr) TRY_IMPL(expr, __COUNTER__)
      |                                  ^
In file included from /home/hurricane/private/code/Rut/tests/test_simulate_engine.cc:6:
/home/hurricane/private/code/Rut/include/rut/compiler/rir_builder.h:538:28: warning: '__COUNTER__' is a C2y extension [-Wc2y-extensions]
  538 |         auto [inst, vid] = TRY(emit(Opcode::CtxLoadSlotI32, ty, loc));
      |                            ^
/home/hurricane/private/code/Rut/include/core/expected.h:450:34: note: expanded from macro 'TRY'
  450 | #define TRY(expr) TRY_IMPL(expr, __COUNTER__)
      |                                  ^
In file included from /home/hurricane/private/code/Rut/tests/test_simulate_engine.cc:6:
/home/hurricane/private/code/Rut/include/rut/compiler/rir_builder.h:544:20: warning: '__COUNTER__' is a C2y extension [-Wc2y-extensions]
  544 |         auto* ty = TRY(make_type(TypeKind::IP));
      |                    ^
/home/hurricane/private/code/Rut/include/core/expected.h:450:34: note: expanded from macro 'TRY'
  450 | #define TRY(expr) TRY_IMPL(expr, __COUNTER__)
      |                                  ^
In file included from /home/hurricane/private/code/Rut/tests/test_simulate_engine.cc:6:
/home/hurricane/private/code/Rut/include/rut/compiler/rir_builder.h:545:16: warning: '__COUNTER__' is a C2y extension [-Wc2y-extensions]
  545 |         return TRY(emit(Opcode::ReqRemoteAddr, ty, loc)).vid;
      |                ^
/home/hurricane/private/code/Rut/include/core/expected.h:450:34: note: expanded from macro 'TRY'
  450 | #define TRY(expr) TRY_IMPL(expr, __COUNTER__)
      |                                  ^
In file included from /home/hurricane/private/code/Rut/tests/test_simulate_engine.cc:6:
/home/hurricane/private/code/Rut/include/rut/compiler/rir_builder.h:549:20: warning: '__COUNTER__' is a C2y extension [-Wc2y-extensions]
  549 |         auto* ty = TRY(make_type(TypeKind::ByteSize));
      |                    ^
/home/hurricane/private/code/Rut/include/core/expected.h:450:34: note: expanded from macro 'TRY'
  450 | #define TRY(expr) TRY_IMPL(expr, __COUNTER__)
      |                                  ^
In file included from /home/hurricane/private/code/Rut/tests/test_simulate_engine.cc:6:
/home/hurricane/private/code/Rut/include/rut/compiler/rir_builder.h:550:16: warning: '__COUNTER__' is a C2y extension [-Wc2y-extensions]
  550 |         return TRY(emit(Opcode::ReqContentLength, ty, loc)).vid;
      |                ^
/home/hurricane/private/code/Rut/include/core/expected.h:450:34: note: expanded from macro 'TRY'
  450 | #define TRY(expr) TRY_IMPL(expr, __COUNTER__)
      |                                  ^
In file included from /home/hurricane/private/code/Rut/tests/test_simulate_engine.cc:6:
/home/hurricane/private/code/Rut/include/rut/compiler/rir_builder.h:554:23: warning: '__COUNTER__' is a C2y extension [-Wc2y-extensions]
  554 |         auto* inner = TRY(make_type(TypeKind::Str));
      |                       ^
/home/hurricane/private/code/Rut/include/core/expected.h:450:34: note: expanded from macro 'TRY'
  450 | #define TRY(expr) TRY_IMPL(expr, __COUNTER__)
      |                                  ^
In file included from /home/hurricane/private/code/Rut/tests/test_simulate_engine.cc:6:
/home/hurricane/private/code/Rut/include/rut/compiler/rir_builder.h:555:20: warning: '__COUNTER__' is a C2y extension [-Wc2y-extensions]
  555 |         auto* ty = TRY(make_type(TypeKind::Optional, inner));
      |                    ^
/home/hurricane/private/code/Rut/include/core/expected.h:450:34: note: expanded from macro 'TRY'
  450 | #define TRY(expr) TRY_IMPL(expr, __COUNTER__)
      |                                  ^
In file included from /home/hurricane/private/code/Rut/tests/test_simulate_engine.cc:6:
/home/hurricane/private/code/Rut/include/rut/compiler/rir_builder.h:556:28: warning: '__COUNTER__' is a C2y extension [-Wc2y-extensions]
  556 |         auto [inst, vid] = TRY(emit(Opcode::ReqCookie, ty, loc));
      |                            ^
/home/hurricane/private/code/Rut/include/core/expected.h:450:34: note: expanded from macro 'TRY'
  450 | #define TRY(expr) TRY_IMPL(expr, __COUNTER__)
      |                                  ^
In file included from /home/hurricane/private/code/Rut/tests/test_simulate_engine.cc:6:
/home/hurricane/private/code/Rut/include/rut/compiler/rir_builder.h:562:23: warning: '__COUNTER__' is a C2y extension [-Wc2y-extensions]
  562 |         auto* inner = TRY(make_type(TypeKind::Str));
      |                       ^
/home/hurricane/private/code/Rut/include/core/expected.h:450:34: note: expanded from macro 'TRY'
  450 | #define TRY(expr) TRY_IMPL(expr, __COUNTER__)
      |                                  ^
In file included from /home/hurricane/private/code/Rut/tests/test_simulate_engine.cc:6:
/home/hurricane/private/code/Rut/include/rut/compiler/rir_builder.h:563:20: warning: '__COUNTER__' is a C2y extension [-Wc2y-extensions]
  563 |         auto* ty = TRY(make_type(TypeKind::Optional, inner));
      |                    ^
/home/hurricane/private/code/Rut/include/core/expected.h:450:34: note: expanded from macro 'TRY'
  450 | #define TRY(expr) TRY_IMPL(expr, __COUNTER__)
      |                                  ^
In file included from /home/hurricane/private/code/Rut/tests/test_simulate_engine.cc:6:
/home/hurricane/private/code/Rut/include/rut/compiler/rir_builder.h:564:28: warning: '__COUNTER__' is a C2y extension [-Wc2y-extensions]
  564 |         auto [inst, vid] = TRY(emit(Opcode::ReqQuery, ty, loc));
      |                            ^
/home/hurricane/private/code/Rut/include/core/expected.h:450:34: note: expanded from macro 'TRY'
  450 | #define TRY(expr) TRY_IMPL(expr, __COUNTER__)
      |                                  ^
In file included from /home/hurricane/private/code/Rut/tests/test_simulate_engine.cc:6:
/home/hurricane/private/code/Rut/include/rut/compiler/rir_builder.h:570:23: warning: '__COUNTER__' is a C2y extension [-Wc2y-extensions]
  570 |         auto* inner = TRY(make_type(TypeKind::Str));
      |                       ^
/home/hurricane/private/code/Rut/include/core/expected.h:450:34: note: expanded from macro 'TRY'
  450 | #define TRY(expr) TRY_IMPL(expr, __COUNTER__)
      |                                  ^
In file included from /home/hurricane/private/code/Rut/tests/test_simulate_engine.cc:6:
/home/hurricane/private/code/Rut/include/rut/compiler/rir_builder.h:571:20: warning: '__COUNTER__' is a C2y extension [-Wc2y-extensions]
  571 |         auto* ty = TRY(make_type(TypeKind::Optional, inner));
      |                    ^
/home/hurricane/private/code/Rut/include/core/expected.h:450:34: note: expanded from macro 'TRY'
  450 | #define TRY(expr) TRY_IMPL(expr, __COUNTER__)
      |                                  ^
In file included from /home/hurricane/private/code/Rut/tests/test_simulate_engine.cc:6:
/home/hurricane/private/code/Rut/include/rut/compiler/rir_builder.h:572:16: warning: '__COUNTER__' is a C2y extension [-Wc2y-extensions]
  572 |         return TRY(emit(Opcode::ReqQueryString, ty, loc)).vid;
      |                ^
/home/hurricane/private/code/Rut/include/core/expected.h:450:34: note: expanded from macro 'TRY'
  450 | #define TRY(expr) TRY_IMPL(expr, __COUNTER__)
      |                                  ^
In file included from /home/hurricane/private/code/Rut/tests/test_simulate_engine.cc:6:
/home/hurricane/private/code/Rut/include/rut/compiler/rir_builder.h:579:18: warning: '__COUNTER__' is a C2y extension [-Wc2y-extensions]
  579 |         auto r = TRY(emit(Opcode::ReqSetHeader, nullptr, loc));
      |                  ^
/home/hurricane/private/code/Rut/include/core/expected.h:450:34: note: expanded from macro 'TRY'
  450 | #define TRY(expr) TRY_IMPL(expr, __COUNTER__)
      |                                  ^
In file included from /home/hurricane/private/code/Rut/tests/test_simulate_engine.cc:6:
/home/hurricane/private/code/Rut/include/rut/compiler/rir_builder.h:588:18: warning: '__COUNTER__' is a C2y extension [-Wc2y-extensions]
  588 |         auto r = TRY(emit(Opcode::ReqAddHeader, nullptr, loc));
      |                  ^
/home/hurricane/private/code/Rut/include/core/expected.h:450:34: note: expanded from macro 'TRY'
  450 | #define TRY(expr) TRY_IMPL(expr, __COUNTER__)
      |                                  ^
In file included from /home/hurricane/private/code/Rut/tests/test_simulate_engine.cc:6:
/home/hurricane/private/code/Rut/include/rut/compiler/rir_builder.h:600:23: warning: '__COUNTER__' is a C2y extension [-Wc2y-extensions]
  600 |         auto* inner = TRY(make_type(TypeKind::Str));
      |                       ^
/home/hurricane/private/code/Rut/include/core/expected.h:450:34: note: expanded from macro 'TRY'
  450 | #define TRY(expr) TRY_IMPL(expr, __COUNTER__)
      |                                  ^
In file included from /home/hurricane/private/code/Rut/tests/test_simulate_engine.cc:6:
/home/hurricane/private/code/Rut/include/rut/compiler/rir_builder.h:601:20: warning: '__COUNTER__' is a C2y extension [-Wc2y-extensions]
  601 |         auto* ty = TRY(make_type(TypeKind::Optional, inner));
      |                    ^
/home/hurricane/private/code/Rut/include/core/expected.h:450:34: note: expanded from macro 'TRY'
  450 | #define TRY(expr) TRY_IMPL(expr, __COUNTER__)
      |                                  ^
In file included from /home/hurricane/private/code/Rut/tests/test_simulate_engine.cc:6:
/home/hurricane/private/code/Rut/include/rut/compiler/rir_builder.h:602:18: warning: '__COUNTER__' is a C2y extension [-Wc2y-extensions]
  602 |         auto r = TRY(emit(Opcode::RespHeader, ty, loc));
      |                  ^
/home/hurricane/private/code/Rut/include/core/expected.h:450:34: note: expanded from macro 'TRY'
  450 | #define TRY(expr) TRY_IMPL(expr, __COUNTER__)
      |                                  ^
In file included from /home/hurricane/private/code/Rut/tests/test_simulate_engine.cc:6:
/home/hurricane/private/code/Rut/include/rut/compiler/rir_builder.h:611:18: warning: '__COUNTER__' is a C2y extension [-Wc2y-extensions]
  611 |         auto r = TRY(emit(Opcode::RespSetHeader, nullptr, loc));
      |                  ^
/home/hurricane/private/code/Rut/include/core/expected.h:450:34: note: expanded from macro 'TRY'
  450 | #define TRY(expr) TRY_IMPL(expr, __COUNTER__)
      |                                  ^
In file included from /home/hurricane/private/code/Rut/tests/test_simulate_engine.cc:6:
/home/hurricane/private/code/Rut/include/rut/compiler/rir_builder.h:620:18: warning: '__COUNTER__' is a C2y extension [-Wc2y-extensions]
  620 |         auto r = TRY(emit(Opcode::RespAddHeader, nullptr, loc));
      |                  ^
/home/hurricane/private/code/Rut/include/core/expected.h:450:34: note: expanded from macro 'TRY'
  450 | #define TRY(expr) TRY_IMPL(expr, __COUNTER__)
      |                                  ^
In file included from /home/hurricane/private/code/Rut/tests/test_simulate_engine.cc:6:
/home/hurricane/private/code/Rut/include/rut/compiler/rir_builder.h:628:18: warning: '__COUNTER__' is a C2y extension [-Wc2y-extensions]
  628 |         auto r = TRY(emit(Opcode::RespRemoveHeader, nullptr, loc));
      |                  ^
/home/hurricane/private/code/Rut/include/core/expected.h:450:34: note: expanded from macro 'TRY'
  450 | #define TRY(expr) TRY_IMPL(expr, __COUNTER__)
      |                                  ^
In file included from /home/hurricane/private/code/Rut/tests/test_simulate_engine.cc:6:
/home/hurricane/private/code/Rut/include/rut/compiler/rir_builder.h:634:9: warning: '__COUNTER__' is a C2y extension [-Wc2y-extensions]
  634 |         TRY_VOID(emit(Opcode::RespCommitHeaders, nullptr, loc));
      |         ^
/home/hurricane/private/code/Rut/include/core/expected.h:453:44: note: expanded from macro 'TRY_VOID'
  453 | #define TRY_VOID(expr) TRY_VOID_IMPL(expr, __COUNTER__)
      |                                            ^
In file included from /home/hurricane/private/code/Rut/tests/test_simulate_engine.cc:6:
/home/hurricane/private/code/Rut/include/rut/compiler/rir_builder.h:640:18: warning: '__COUNTER__' is a C2y extension [-Wc2y-extensions]
  640 |         auto r = TRY(emit(Opcode::ReqSetPath, nullptr, loc));
      |                  ^
/home/hurricane/private/code/Rut/include/core/expected.h:450:34: note: expanded from macro 'TRY'
  450 | #define TRY(expr) TRY_IMPL(expr, __COUNTER__)
      |                                  ^
In file included from /home/hurricane/private/code/Rut/tests/test_simulate_engine.cc:6:
/home/hurricane/private/code/Rut/include/rut/compiler/rir_builder.h:649:18: warning: '__COUNTER__' is a C2y extension [-Wc2y-extensions]
  649 |         auto r = TRY(emit(Opcode::ReqSetTargetTransform, nullptr, loc));
      |                  ^
/home/hurricane/private/code/Rut/include/core/expected.h:450:34: note: expanded from macro 'TRY'
  450 | #define TRY(expr) TRY_IMPL(expr, __COUNTER__)
      |                                  ^
In file included from /home/hurricane/private/code/Rut/tests/test_simulate_engine.cc:6:
/home/hurricane/private/code/Rut/include/rut/compiler/rir_builder.h:656:18: warning: '__COUNTER__' is a C2y extension [-Wc2y-extensions]
  656 |         auto r = TRY(emit(Opcode::CtxStoreSlotI32, nullptr, loc));
      |                  ^
/home/hurricane/private/code/Rut/include/core/expected.h:450:34: note: expanded from macro 'TRY'
  450 | #define TRY(expr) TRY_IMPL(expr, __COUNTER__)
      |                                  ^
In file included from /home/hurricane/private/code/Rut/tests/test_simulate_engine.cc:6:
/home/hurricane/private/code/Rut/include/rut/compiler/rir_builder.h:668:20: warning: '__COUNTER__' is a C2y extension [-Wc2y-extensions]
  668 |         auto* ty = TRY(make_type(TypeKind::Bool));
      |                    ^
/home/hurricane/private/code/Rut/include/core/expected.h:450:34: note: expanded from macro 'TRY'
  450 | #define TRY(expr) TRY_IMPL(expr, __COUNTER__)
      |                                  ^
In file included from /home/hurricane/private/code/Rut/tests/test_simulate_engine.cc:6:
/home/hurricane/private/code/Rut/include/rut/compiler/rir_builder.h:669:28: warning: '__COUNTER__' is a C2y extension [-Wc2y-extensions]
  669 |         auto [inst, vid] = TRY(emit(Opcode::StrHasPrefix, ty, loc));
      |                            ^
/home/hurricane/private/code/Rut/include/core/expected.h:450:34: note: expanded from macro 'TRY'
  450 | #define TRY(expr) TRY_IMPL(expr, __COUNTER__)
      |                                  ^
In file included from /home/hurricane/private/code/Rut/tests/test_simulate_engine.cc:6:
/home/hurricane/private/code/Rut/include/rut/compiler/rir_builder.h:679:20: warning: '__COUNTER__' is a C2y extension [-Wc2y-extensions]
  679 |         auto* ty = TRY(make_type(TypeKind::Str));
      |                    ^
/home/hurricane/private/code/Rut/include/core/expected.h:450:34: note: expanded from macro 'TRY'
  450 | #define TRY(expr) TRY_IMPL(expr, __COUNTER__)
      |                                  ^
In file included from /home/hurricane/private/code/Rut/tests/test_simulate_engine.cc:6:
/home/hurricane/private/code/Rut/include/rut/compiler/rir_builder.h:680:28: warning: '__COUNTER__' is a C2y extension [-Wc2y-extensions]
  680 |         auto [inst, vid] = TRY(emit(Opcode::StrTrimPrefix, ty, loc));
      |                            ^
/home/hurricane/private/code/Rut/include/core/expected.h:450:34: note: expanded from macro 'TRY'
  450 | #define TRY(expr) TRY_IMPL(expr, __COUNTER__)
      |                                  ^
In file included from /home/hurricane/private/code/Rut/tests/test_simulate_engine.cc:6:
/home/hurricane/private/code/Rut/include/rut/compiler/rir_builder.h:689:20: warning: '__COUNTER__' is a C2y extension [-Wc2y-extensions]
  689 |         auto* ty = TRY(make_type(TypeKind::Bool));
      |                    ^
/home/hurricane/private/code/Rut/include/core/expected.h:450:34: note: expanded from macro 'TRY'
  450 | #define TRY(expr) TRY_IMPL(expr, __COUNTER__)
      |                                  ^
In file included from /home/hurricane/private/code/Rut/tests/test_simulate_engine.cc:6:
/home/hurricane/private/code/Rut/include/rut/compiler/rir_builder.h:690:28: warning: '__COUNTER__' is a C2y extension [-Wc2y-extensions]
  690 |         auto [inst, vid] = TRY(emit(Opcode::StrRegexMatch, ty, loc));
      |                            ^
/home/hurricane/private/code/Rut/include/core/expected.h:450:34: note: expanded from macro 'TRY'
  450 | #define TRY(expr) TRY_IMPL(expr, __COUNTER__)
      |                                  ^
In file included from /home/hurricane/private/code/Rut/tests/test_simulate_engine.cc:6:
/home/hurricane/private/code/Rut/include/rut/compiler/rir_builder.h:698:20: warning: '__COUNTER__' is a C2y extension [-Wc2y-extensions]
  698 |         auto* ty = TRY(make_type(TypeKind::Str));
      |                    ^
/home/hurricane/private/code/Rut/include/core/expected.h:450:34: note: expanded from macro 'TRY'
  450 | #define TRY(expr) TRY_IMPL(expr, __COUNTER__)
      |                                  ^
In file included from /home/hurricane/private/code/Rut/tests/test_simulate_engine.cc:6:
/home/hurricane/private/code/Rut/include/rut/compiler/rir_builder.h:699:18: warning: '__COUNTER__' is a C2y extension [-Wc2y-extensions]
  699 |         auto r = TRY(emit(Opcode::StrInterpolate, ty, loc));
      |                  ^
/home/hurricane/private/code/Rut/include/core/expected.h:450:34: note: expanded from macro 'TRY'
  450 | #define TRY(expr) TRY_IMPL(expr, __COUNTER__)
      |                                  ^
In file included from /home/hurricane/private/code/Rut/tests/test_simulate_engine.cc:6:
/home/hurricane/private/code/Rut/include/rut/compiler/rir_builder.h:740:20: warning: '__COUNTER__' is a C2y extension [-Wc2y-extensions]
  740 |         auto* ty = TRY(make_type(TypeKind::Bool));
      |                    ^
/home/hurricane/private/code/Rut/include/core/expected.h:450:34: note: expanded from macro 'TRY'
  450 | #define TRY(expr) TRY_IMPL(expr, __COUNTER__)
      |                                  ^
In file included from /home/hurricane/private/code/Rut/tests/test_simulate_engine.cc:6:
/home/hurricane/private/code/Rut/include/rut/compiler/rir_builder.h:741:28: warning: '__COUNTER__' is a C2y extension [-Wc2y-extensions]
  741 |         auto [inst, vid] = TRY(emit(cmp_op, ty, loc));
      |                            ^
/home/hurricane/private/code/Rut/include/core/expected.h:450:34: note: expanded from macro 'TRY'
  450 | #define TRY(expr) TRY_IMPL(expr, __COUNTER__)
      |                                  ^
In file included from /home/hurricane/private/code/Rut/tests/test_simulate_engine.cc:6:
/home/hurricane/private/code/Rut/include/rut/compiler/rir_builder.h:771:20: warning: '__COUNTER__' is a C2y extension [-Wc2y-extensions]
  771 |         auto* ty = TRY(make_type(both_i64 ? TypeKind::I64 : TypeKind::I32));
      |                    ^
/home/hurricane/private/code/Rut/include/core/expected.h:450:34: note: expanded from macro 'TRY'
  450 | #define TRY(expr) TRY_IMPL(expr, __COUNTER__)
      |                                  ^
In file included from /home/hurricane/private/code/Rut/tests/test_simulate_engine.cc:6:
/home/hurricane/private/code/Rut/include/rut/compiler/rir_builder.h:772:28: warning: '__COUNTER__' is a C2y extension [-Wc2y-extensions]
  772 |         auto [inst, vid] = TRY(emit(bit_op, ty, loc));
      |                            ^
/home/hurricane/private/code/Rut/include/core/expected.h:450:34: note: expanded from macro 'TRY'
  450 | #define TRY(expr) TRY_IMPL(expr, __COUNTER__)
      |                                  ^
In file included from /home/hurricane/private/code/Rut/tests/test_simulate_engine.cc:6:
/home/hurricane/private/code/Rut/include/rut/compiler/rir_builder.h:803:20: warning: '__COUNTER__' is a C2y extension [-Wc2y-extensions]
  803 |         auto* ty = TRY(make_type(both_i64 ? TypeKind::I64 : TypeKind::I32));
      |                    ^
/home/hurricane/private/code/Rut/include/core/expected.h:450:34: note: expanded from macro 'TRY'
  450 | #define TRY(expr) TRY_IMPL(expr, __COUNTER__)
      |                                  ^
In file included from /home/hurricane/private/code/Rut/tests/test_simulate_engine.cc:6:
/home/hurricane/private/code/Rut/include/rut/compiler/rir_builder.h:804:28: warning: '__COUNTER__' is a C2y extension [-Wc2y-extensions]
  804 |         auto [inst, vid] = TRY(emit(arith_op, ty, loc));
      |                            ^
/home/hurricane/private/code/Rut/include/core/expected.h:450:34: note: expanded from macro 'TRY'
  450 | #define TRY(expr) TRY_IMPL(expr, __COUNTER__)
      |                                  ^
In file included from /home/hurricane/private/code/Rut/tests/test_simulate_engine.cc:6:
/home/hurricane/private/code/Rut/include/rut/compiler/rir_builder.h:813:20: warning: '__COUNTER__' is a C2y extension [-Wc2y-extensions]
  813 |         auto* ty = TRY(make_type(TypeKind::I64));
      |                    ^
/home/hurricane/private/code/Rut/include/core/expected.h:450:34: note: expanded from macro 'TRY'
  450 | #define TRY(expr) TRY_IMPL(expr, __COUNTER__)
      |                                  ^
In file included from /home/hurricane/private/code/Rut/tests/test_simulate_engine.cc:6:
/home/hurricane/private/code/Rut/include/rut/compiler/rir_builder.h:814:28: warning: '__COUNTER__' is a C2y extension [-Wc2y-extensions]
  814 |         auto [inst, vid] = TRY(emit(Opcode::SextI64, ty, loc));
      |                            ^
/home/hurricane/private/code/Rut/include/core/expected.h:450:34: note: expanded from macro 'TRY'
  450 | #define TRY(expr) TRY_IMPL(expr, __COUNTER__)
      |                                  ^
In file included from /home/hurricane/private/code/Rut/tests/test_simulate_engine.cc:6:
/home/hurricane/private/code/Rut/include/rut/compiler/rir_builder.h:823:20: warning: '__COUNTER__' is a C2y extension [-Wc2y-extensions]
  823 |         auto* ty = TRY(make_type(TypeKind::I64));
      |                    ^
/home/hurricane/private/code/Rut/include/core/expected.h:450:34: note: expanded from macro 'TRY'
  450 | #define TRY(expr) TRY_IMPL(expr, __COUNTER__)
      |                                  ^
In file included from /home/hurricane/private/code/Rut/tests/test_simulate_engine.cc:6:
/home/hurricane/private/code/Rut/include/rut/compiler/rir_builder.h:824:16: warning: '__COUNTER__' is a C2y extension [-Wc2y-extensions]
  824 |         return TRY(emit(Opcode::TimeNowMicros, ty, loc)).vid;
      |                ^
/home/hurricane/private/code/Rut/include/core/expected.h:450:34: note: expanded from macro 'TRY'
  450 | #define TRY(expr) TRY_IMPL(expr, __COUNTER__)
      |                                  ^
In file included from /home/hurricane/private/code/Rut/tests/test_simulate_engine.cc:6:
/home/hurricane/private/code/Rut/include/rut/compiler/rir_builder.h:829:20: warning: '__COUNTER__' is a C2y extension [-Wc2y-extensions]
  829 |         auto* ty = TRY(make_type(TypeKind::Bool));
      |                    ^
/home/hurricane/private/code/Rut/include/core/expected.h:450:34: note: expanded from macro 'TRY'
  450 | #define TRY(expr) TRY_IMPL(expr, __COUNTER__)
      |                                  ^
In file included from /home/hurricane/private/code/Rut/tests/test_simulate_engine.cc:6:
/home/hurricane/private/code/Rut/include/rut/compiler/rir_builder.h:830:28: warning: '__COUNTER__' is a C2y extension [-Wc2y-extensions]
  830 |         auto [inst, vid] = TRY(emit(Opcode::IpInCidr, ty, loc));
      |                            ^
/home/hurricane/private/code/Rut/include/core/expected.h:450:34: note: expanded from macro 'TRY'
  450 | #define TRY(expr) TRY_IMPL(expr, __COUNTER__)
      |                                  ^
In file included from /home/hurricane/private/code/Rut/tests/test_simulate_engine.cc:6:
/home/hurricane/private/code/Rut/include/rut/compiler/rir_builder.h:841:20: warning: '__COUNTER__' is a C2y extension [-Wc2y-extensions]
  841 |         auto* ty = TRY(make_type(TypeKind::Optional, inner_type));
      |                    ^
/home/hurricane/private/code/Rut/include/core/expected.h:450:34: note: expanded from macro 'TRY'
  450 | #define TRY(expr) TRY_IMPL(expr, __COUNTER__)
      |                                  ^
In file included from /home/hurricane/private/code/Rut/tests/test_simulate_engine.cc:6:
/home/hurricane/private/code/Rut/include/rut/compiler/rir_builder.h:842:16: warning: '__COUNTER__' is a C2y extension [-Wc2y-extensions]
  842 |         return TRY(emit(Opcode::OptNil, ty, loc)).vid;
      |                ^
/home/hurricane/private/code/Rut/include/core/expected.h:450:34: note: expanded from macro 'TRY'
  450 | #define TRY(expr) TRY_IMPL(expr, __COUNTER__)
      |                                  ^
In file included from /home/hurricane/private/code/Rut/tests/test_simulate_engine.cc:6:
/home/hurricane/private/code/Rut/include/rut/compiler/rir_builder.h:849:20: warning: '__COUNTER__' is a C2y extension [-Wc2y-extensions]
  849 |         auto* ty = TRY(make_type(TypeKind::Optional, inner));
      |                    ^
/home/hurricane/private/code/Rut/include/core/expected.h:450:34: note: expanded from macro 'TRY'
  450 | #define TRY(expr) TRY_IMPL(expr, __COUNTER__)
      |                                  ^
In file included from /home/hurricane/private/code/Rut/tests/test_simulate_engine.cc:6:
/home/hurricane/private/code/Rut/include/rut/compiler/rir_builder.h:850:28: warning: '__COUNTER__' is a C2y extension [-Wc2y-extensions]
  850 |         auto [inst, vid] = TRY(emit(Opcode::OptWrap, ty, loc));
      |                            ^
/home/hurricane/private/code/Rut/include/core/expected.h:450:34: note: expanded from macro 'TRY'
  450 | #define TRY(expr) TRY_IMPL(expr, __COUNTER__)
      |                                  ^
In file included from /home/hurricane/private/code/Rut/tests/test_simulate_engine.cc:6:
/home/hurricane/private/code/Rut/include/rut/compiler/rir_builder.h:858:20: warning: '__COUNTER__' is a C2y extension [-Wc2y-extensions]
  858 |         auto* ty = TRY(make_type(TypeKind::Bool));
      |                    ^
/home/hurricane/private/code/Rut/include/core/expected.h:450:34: note: expanded from macro 'TRY'
  450 | #define TRY(expr) TRY_IMPL(expr, __COUNTER__)
      |                                  ^
In file included from /home/hurricane/private/code/Rut/tests/test_simulate_engine.cc:6:
/home/hurricane/private/code/Rut/include/rut/compiler/rir_builder.h:859:28: warning: '__COUNTER__' is a C2y extension [-Wc2y-extensions]
  859 |         auto [inst, vid] = TRY(emit(Opcode::OptIsNil, ty, loc));
      |                            ^
/home/hurricane/private/code/Rut/include/core/expected.h:450:34: note: expanded from macro 'TRY'
  450 | #define TRY(expr) TRY_IMPL(expr, __COUNTER__)
      |                                  ^
In file included from /home/hurricane/private/code/Rut/tests/test_simulate_engine.cc:6:
/home/hurricane/private/code/Rut/include/rut/compiler/rir_builder.h:874:28: warning: '__COUNTER__' is a C2y extension [-Wc2y-extensions]
  874 |         auto [inst, vid] = TRY(emit(Opcode::Select, then_ty, loc));
      |                            ^
/home/hurricane/private/code/Rut/include/core/expected.h:450:34: note: expanded from macro 'TRY'
  450 | #define TRY(expr) TRY_IMPL(expr, __COUNTER__)
      |                                  ^
In file included from /home/hurricane/private/code/Rut/tests/test_simulate_engine.cc:6:
/home/hurricane/private/code/Rut/include/rut/compiler/rir_builder.h:889:28: warning: '__COUNTER__' is a C2y extension [-Wc2y-extensions]
  889 |         auto [inst, vid] = TRY(emit(Opcode::OptUnwrap, inner_type, loc));
      |                            ^
/home/hurricane/private/code/Rut/include/core/expected.h:450:34: note: expanded from macro 'TRY'
  450 | #define TRY(expr) TRY_IMPL(expr, __COUNTER__)
      |                                  ^
In file included from /home/hurricane/private/code/Rut/tests/test_simulate_engine.cc:6:
/home/hurricane/private/code/Rut/include/rut/compiler/rir_builder.h:917:28: warning: '__COUNTER__' is a C2y extension [-Wc2y-extensions]
  917 |         auto [inst, vid] = TRY(emit(Opcode::StructField, field_type, loc));
      |                            ^
/home/hurricane/private/code/Rut/include/core/expected.h:450:34: note: expanded from macro 'TRY'
  450 | #define TRY(expr) TRY_IMPL(expr, __COUNTER__)
      |                                  ^
In file included from /home/hurricane/private/code/Rut/tests/test_simulate_engine.cc:6:
/home/hurricane/private/code/Rut/include/rut/compiler/rir_builder.h:936:20: warning: '__COUNTER__' is a C2y extension [-Wc2y-extensions]
  936 |         auto* ty = TRY(make_type(TypeKind::Struct, nullptr, sd));
      |                    ^
/home/hurricane/private/code/Rut/include/core/expected.h:450:34: note: expanded from macro 'TRY'
  450 | #define TRY(expr) TRY_IMPL(expr, __COUNTER__)
      |                                  ^
In file included from /home/hurricane/private/code/Rut/tests/test_simulate_engine.cc:6:
/home/hurricane/private/code/Rut/include/rut/compiler/rir_builder.h:937:28: warning: '__COUNTER__' is a C2y extension [-Wc2y-extensions]
  937 |         auto [inst, vid] = TRY(emit(Opcode::StructCreate, ty, loc));
      |                            ^
/home/hurricane/private/code/Rut/include/core/expected.h:450:34: note: expanded from macro 'TRY'
  450 | #define TRY(expr) TRY_IMPL(expr, __COUNTER__)
      |                                  ^
In file included from /home/hurricane/private/code/Rut/tests/test_simulate_engine.cc:6:
/home/hurricane/private/code/Rut/include/rut/compiler/rir_builder.h:959:28: warning: '__COUNTER__' is a C2y extension [-Wc2y-extensions]
  959 |         auto [inst, vid] = TRY(emit(Opcode::BodyParse, target_type, loc));
      |                            ^
/home/hurricane/private/code/Rut/include/core/expected.h:450:34: note: expanded from macro 'TRY'
  450 | #define TRY(expr) TRY_IMPL(expr, __COUNTER__)
      |                                  ^
In file included from /home/hurricane/private/code/Rut/tests/test_simulate_engine.cc:6:
/home/hurricane/private/code/Rut/include/rut/compiler/rir_builder.h:975:27: warning: '__COUNTER__' is a C2y extension [-Wc2y-extensions]
  975 |             auto* inner = TRY(make_type(TypeKind::I64));
      |                           ^
/home/hurricane/private/code/Rut/include/core/expected.h:450:34: note: expanded from macro 'TRY'
  450 | #define TRY(expr) TRY_IMPL(expr, __COUNTER__)
      |                                  ^
In file included from /home/hurricane/private/code/Rut/tests/test_simulate_engine.cc:6:
/home/hurricane/private/code/Rut/include/rut/compiler/rir_builder.h:976:29: warning: '__COUNTER__' is a C2y extension [-Wc2y-extensions]
  976 |             opt_i64_cache = TRY(make_type(TypeKind::Optional, inner));
      |                             ^
/home/hurricane/private/code/Rut/include/core/expected.h:450:34: note: expanded from macro 'TRY'
  450 | #define TRY(expr) TRY_IMPL(expr, __COUNTER__)
      |                                  ^
In file included from /home/hurricane/private/code/Rut/tests/test_simulate_engine.cc:6:
/home/hurricane/private/code/Rut/include/rut/compiler/rir_builder.h:979:28: warning: '__COUNTER__' is a C2y extension [-Wc2y-extensions]
  979 |         auto [inst, vid] = TRY(emit(Opcode::CacheGet, ty, loc));
      |                            ^
/home/hurricane/private/code/Rut/include/core/expected.h:450:34: note: expanded from macro 'TRY'
  450 | #define TRY(expr) TRY_IMPL(expr, __COUNTER__)
      |                                  ^
In file included from /home/hurricane/private/code/Rut/tests/test_simulate_engine.cc:6:
/home/hurricane/private/code/Rut/include/rut/compiler/rir_builder.h:990:20: warning: '__COUNTER__' is a C2y extension [-Wc2y-extensions]
  990 |         auto* ty = TRY(make_type(TypeKind::I64));
      |                    ^
/home/hurricane/private/code/Rut/include/core/expected.h:450:34: note: expanded from macro 'TRY'
  450 | #define TRY(expr) TRY_IMPL(expr, __COUNTER__)
      |                                  ^
In file included from /home/hurricane/private/code/Rut/tests/test_simulate_engine.cc:6:
/home/hurricane/private/code/Rut/include/rut/compiler/rir_builder.h:991:28: warning: '__COUNTER__' is a C2y extension [-Wc2y-extensions]
  991 |         auto [inst, vid] = TRY(emit(Opcode::CacheSet, ty, loc));
      |                            ^
/home/hurricane/private/code/Rut/include/core/expected.h:450:34: note: expanded from macro 'TRY'
  450 | #define TRY(expr) TRY_IMPL(expr, __COUNTER__)
      |                                  ^
In file included from /home/hurricane/private/code/Rut/tests/test_simulate_engine.cc:6:
/home/hurricane/private/code/Rut/include/rut/compiler/rir_builder.h:1006:18: warning: '__COUNTER__' is a C2y extension [-Wc2y-extensions]
 1006 |         auto r = TRY(emit(Opcode::Br, nullptr, loc));
      |                  ^
/home/hurricane/private/code/Rut/include/core/expected.h:450:34: note: expanded from macro 'TRY'
  450 | #define TRY(expr) TRY_IMPL(expr, __COUNTER__)
      |                                  ^
In file included from /home/hurricane/private/code/Rut/tests/test_simulate_engine.cc:6:
/home/hurricane/private/code/Rut/include/rut/compiler/rir_builder.h:1017:18: warning: '__COUNTER__' is a C2y extension [-Wc2y-extensions]
 1017 |         auto r = TRY(emit(Opcode::Jmp, nullptr, loc));
      |                  ^
/home/hurricane/private/code/Rut/include/core/expected.h:450:34: note: expanded from macro 'TRY'
  450 | #define TRY(expr) TRY_IMPL(expr, __COUNTER__)
      |                                  ^
In file included from /home/hurricane/private/code/Rut/tests/test_simulate_engine.cc:6:
/home/hurricane/private/code/Rut/include/rut/compiler/rir_builder.h:1035:18: warning: '__COUNTER__' is a C2y extension [-Wc2y-extensions]
 1035 |         auto r = TRY(emit(Opcode::RetStatus, nullptr, loc));
      |                  ^
/home/hurricane/private/code/Rut/include/core/expected.h:450:34: note: expanded from macro 'TRY'
  450 | #define TRY(expr) TRY_IMPL(expr, __COUNTER__)
      |                                  ^
In file included from /home/hurricane/private/code/Rut/tests/test_simulate_engine.cc:6:
/home/hurricane/private/code/Rut/include/rut/compiler/rir_builder.h:1128:18: warning: '__COUNTER__' is a C2y extension [-Wc2y-extensions]
 1128 |         auto r = TRY(emit(Opcode::RetStatus, nullptr, loc));
      |                  ^
/home/hurricane/private/code/Rut/include/core/expected.h:450:34: note: expanded from macro 'TRY'
  450 | #define TRY(expr) TRY_IMPL(expr, __COUNTER__)
      |                                  ^
In file included from /home/hurricane/private/code/Rut/tests/test_simulate_engine.cc:6:
/home/hurricane/private/code/Rut/include/rut/compiler/rir_builder.h:1160:18: warning: '__COUNTER__' is a C2y extension [-Wc2y-extensions]
 1160 |         auto r = TRY(emit(Opcode::RetForward, nullptr, loc));
      |                  ^
/home/hurricane/private/code/Rut/include/core/expected.h:450:34: note: expanded from macro 'TRY'
  450 | #define TRY(expr) TRY_IMPL(expr, __COUNTER__)
      |                                  ^
In file included from /home/hurricane/private/code/Rut/tests/test_simulate_engine.cc:6:
/home/hurricane/private/code/Rut/include/rut/compiler/rir_builder.h:1188:18: warning: '__COUNTER__' is a C2y extension [-Wc2y-extensions]
 1188 |         auto r = TRY(emit(Opcode::RetForwardBundle, nullptr, loc));
      |                  ^
/home/hurricane/private/code/Rut/include/core/expected.h:450:34: note: expanded from macro 'TRY'
  450 | #define TRY(expr) TRY_IMPL(expr, __COUNTER__)
      |                                  ^
In file included from /home/hurricane/private/code/Rut/tests/test_simulate_engine.cc:6:
/home/hurricane/private/code/Rut/include/rut/compiler/rir_builder.h:1200:18: warning: '__COUNTER__' is a C2y extension [-Wc2y-extensions]
 1200 |         auto r = TRY(emit(Opcode::RetRedirect, nullptr, loc));
      |                  ^
/home/hurricane/private/code/Rut/include/core/expected.h:450:34: note: expanded from macro 'TRY'
  450 | #define TRY(expr) TRY_IMPL(expr, __COUNTER__)
      |                                  ^
In file included from /home/hurricane/private/code/Rut/tests/test_simulate_engine.cc:6:
/home/hurricane/private/code/Rut/include/rut/compiler/rir_builder.h:1211:20: warning: '__COUNTER__' is a C2y extension [-Wc2y-extensions]
 1211 |         auto* ty = TRY(make_type(TypeKind::Str));
      |                    ^
/home/hurricane/private/code/Rut/include/core/expected.h:450:34: note: expanded from macro 'TRY'
  450 | #define TRY(expr) TRY_IMPL(expr, __COUNTER__)
      |                                  ^
In file included from /home/hurricane/private/code/Rut/tests/test_simulate_engine.cc:6:
/home/hurricane/private/code/Rut/include/rut/compiler/rir_builder.h:1212:28: warning: '__COUNTER__' is a C2y extension [-Wc2y-extensions]
 1212 |         auto [inst, vid] = TRY(emit(Opcode::YieldHttpGet, ty, loc));
      |                            ^
/home/hurricane/private/code/Rut/include/core/expected.h:450:34: note: expanded from macro 'TRY'
  450 | #define TRY(expr) TRY_IMPL(expr, __COUNTER__)
      |                                  ^
In file included from /home/hurricane/private/code/Rut/tests/test_simulate_engine.cc:6:
/home/hurricane/private/code/Rut/include/rut/compiler/rir_builder.h:1230:18: warning: '__COUNTER__' is a C2y extension [-Wc2y-extensions]
 1230 |         auto r = TRY(emit(Opcode::YieldTimer, nullptr, loc));
      |                  ^
/home/hurricane/private/code/Rut/include/core/expected.h:450:34: note: expanded from macro 'TRY'
  450 | #define TRY(expr) TRY_IMPL(expr, __COUNTER__)
      |                                  ^
In file included from /home/hurricane/private/code/Rut/tests/test_simulate_engine.cc:6:
/home/hurricane/private/code/Rut/include/rut/compiler/rir_builder.h:711:17: warning: 88 enumeration values not explicitly handled in switch: 'ConstStr', 'ConstI32', 'ConstI64'... [-Wswitch-enum]
  711 |         switch (op) {
      |                 ^~
/home/hurricane/private/code/Rut/include/rut/compiler/rir_builder.h:751:17: warning: 89 enumeration values not explicitly handled in switch: 'ConstStr', 'ConstI32', 'ConstI64'... [-Wswitch-enum]
  751 |         switch (op) {
      |                 ^~
/home/hurricane/private/code/Rut/include/rut/compiler/rir_builder.h:782:17: warning: 87 enumeration values not explicitly handled in switch: 'ConstStr', 'ConstI32', 'ConstI64'... [-Wswitch-enum]
  782 |         switch (op) {
      |                 ^~
127 warnings generated.
[64/84] Building CXX object tests/CMakeFiles/test_shard_control.dir/test_shard_control.cc.o
In file included from /home/hurricane/private/code/Rut/tests/test_shard_control.cc:2:
In file included from /home/hurricane/private/code/Rut/include/rut/runtime/route_table.h:15:
In file included from /home/hurricane/private/code/Rut/include/rut/runtime/rate_limit_key.h:3:
/home/hurricane/private/code/Rut/include/rut/common/rate_limit_key_spec.h:130:21: warning: enumeration values 'Ip', 'Query', and 'Param' not explicitly handled in switch [-Wswitch-enum]
  130 |             switch (k.comps[j].kind) {
      |                     ^~~~~~~~~~~~~~~
1 warning generated.
[65/84] Linking CXX executable tests/test_shard_control
[66/84] Linking CXX executable tests/test_simulate_engine
[67/84] Building CXX object tests/CMakeFiles/test_serve_loader.dir/test_serve_loader.cc.o
In file included from /home/hurricane/private/code/Rut/tests/test_serve_loader.cc:11:
In file included from /home/hurricane/private/code/Rut/include/rut/runtime/compile_to_config.h:51:
In file included from /home/hurricane/private/code/Rut/include/rut/compiler/hir.h:14:
In file included from /home/hurricane/private/code/Rut/include/rut/compiler/ast.h:7:
/home/hurricane/private/code/Rut/include/rut/common/rate_limit_key_spec.h:130:21: warning: enumeration values 'Ip', 'Query', and 'Param' not explicitly handled in switch [-Wswitch-enum]
  130 |             switch (k.comps[j].kind) {
      |                     ^~~~~~~~~~~~~~~
In file included from /home/hurricane/private/code/Rut/tests/test_serve_loader.cc:11:
In file included from /home/hurricane/private/code/Rut/include/rut/runtime/compile_to_config.h:51:
In file included from /home/hurricane/private/code/Rut/include/rut/compiler/hir.h:14:
/home/hurricane/private/code/Rut/include/rut/compiler/ast.h:1067:21: warning: enumeration values 'Upstream', 'Import', and 'Using' not explicitly handled in switch [-Wswitch-enum]
 1067 |             switch (items[i].kind) {
      |                     ^~~~~~~~~~~~~
In file included from /home/hurricane/private/code/Rut/tests/test_serve_loader.cc:13:
/home/hurricane/private/code/Rut/include/rut/runtime/iouring_event_loop.h:846:88: warning: '&&' within '||' [-Wlogical-op-parentheses]
  846 |              (!complete_content_length_request_policy_is_admitted(c.request_policy_id) &&
      |               ~~~~~~~~~~~~~~~~~~~~~~~~~~~~~~~~~~~~~~~~~~~~~~~~~~~~~~~~~~~~~~~~~~~~~~~~~^~
  847 |                   !bodyless_get_retained_policy ||
      |                   ~~~~~~~~~~~~~~~~~~~~~~~~~~~~~ ~~
/home/hurricane/private/code/Rut/include/rut/runtime/iouring_event_loop.h:846:88: note: place parentheses around the '&&' expression to silence this warning
  846 |              (!complete_content_length_request_policy_is_admitted(c.request_policy_id) &&
      |                                                                                        ^
      |               (
  847 |                   !bodyless_get_retained_policy ||
      |                                                )
/home/hurricane/private/code/Rut/include/rut/runtime/iouring_event_loop.h:4678:34: warning: '&&' within '||' [-Wlogical-op-parentheses]
 4678 |             (!owner.saw_positive && (owner.positive_bytes != 0 || owner.first_copy_begin != 0 ||
      |              ~~~~~~~~~~~~~~~~~~~~^~~~~~~~~~~~~~~~~~~~~~~~~~~~~~~~~~~~~~~~~~~~~~~~~~~~~~~~~~~~~~~
 4679 |                                      owner.expected_copy_end != 0) ||
      |                                      ~~~~~~~~~~~~~~~~~~~~~~~~~~~~~ ~~
/home/hurricane/private/code/Rut/include/rut/runtime/iouring_event_loop.h:4678:34: note: place parentheses around the '&&' expression to silence this warning
 4678 |             (!owner.saw_positive && (owner.positive_bytes != 0 || owner.first_copy_begin != 0 ||
      |                                  ^
      |              (
 4679 |                                      owner.expected_copy_end != 0) ||
      |                                                                   )
/home/hurricane/private/code/Rut/include/rut/runtime/iouring_event_loop.h:4680:33: warning: '&&' within '||' [-Wlogical-op-parentheses]
 4679 |                                      owner.expected_copy_end != 0) ||
      |                                                                    ~~
 4680 |              owner.saw_positive &&
      |              ~~~~~~~~~~~~~~~~~~~^~
 4681 |                  (owner.positive_bytes > received ||
      |                  ~~~~~~~~~~~~~~~~~~~~~~~~~~~~~~~~~~~
 4682 |                   owner.first_copy_begin != header + received - owner.positive_bytes ||
      |                   ~~~~~~~~~~~~~~~~~~~~~~~~~~~~~~~~~~~~~~~~~~~~~~~~~~~~~~~~~~~~~~~~~~~~~
 4683 |                   owner.expected_copy_end != header + received)))
      |                   ~~~~~~~~~~~~~~~~~~~~~~~~~~~~~~~~~~~~~~~~~~~~~
/home/hurricane/private/code/Rut/include/rut/runtime/iouring_event_loop.h:4680:33: note: place parentheses around the '&&' expression to silence this warning
 4680 |              owner.saw_positive &&
      |                                 ^
      |              (
 4681 |                  (owner.positive_bytes > received ||
 4682 |                   owner.first_copy_begin != header + received - owner.positive_bytes ||
 4683 |                   owner.expected_copy_end != header + received)))
      |                                                                
      |                                                                )
5 warnings generated.
[68/84] Linking CXX executable tests/test_serve_loader
[69/84] Building CXX object tests/CMakeFiles/test_traffic_capture.dir/test_traffic_capture.cc.o
In file included from /home/hurricane/private/code/Rut/tests/test_traffic_capture.cc:5:
In file included from /home/hurricane/private/code/Rut/include/rut/runtime/epoll_event_loop.h:13:
In file included from /home/hurricane/private/code/Rut/include/rut/runtime/event_loop.h:19:
In file included from /home/hurricane/private/code/Rut/include/rut/runtime/route_table.h:15:
In file included from /home/hurricane/private/code/Rut/include/rut/runtime/rate_limit_key.h:3:
/home/hurricane/private/code/Rut/include/rut/common/rate_limit_key_spec.h:130:21: warning: enumeration values 'Ip', 'Query', and 'Param' not explicitly handled in switch [-Wswitch-enum]
  130 |             switch (k.comps[j].kind) {
      |                     ^~~~~~~~~~~~~~~
In file included from /home/hurricane/private/code/Rut/tests/test_traffic_capture.cc:6:
/home/hurricane/private/code/Rut/include/rut/runtime/iouring_event_loop.h:846:88: warning: '&&' within '||' [-Wlogical-op-parentheses]
  846 |              (!complete_content_length_request_policy_is_admitted(c.request_policy_id) &&
      |               ~~~~~~~~~~~~~~~~~~~~~~~~~~~~~~~~~~~~~~~~~~~~~~~~~~~~~~~~~~~~~~~~~~~~~~~~~^~
  847 |                   !bodyless_get_retained_policy ||
      |                   ~~~~~~~~~~~~~~~~~~~~~~~~~~~~~ ~~
/home/hurricane/private/code/Rut/include/rut/runtime/iouring_event_loop.h:846:88: note: place parentheses around the '&&' expression to silence this warning
  846 |              (!complete_content_length_request_policy_is_admitted(c.request_policy_id) &&
      |                                                                                        ^
      |               (
  847 |                   !bodyless_get_retained_policy ||
      |                                                )
/home/hurricane/private/code/Rut/include/rut/runtime/iouring_event_loop.h:4678:34: warning: '&&' within '||' [-Wlogical-op-parentheses]
 4678 |             (!owner.saw_positive && (owner.positive_bytes != 0 || owner.first_copy_begin != 0 ||
      |              ~~~~~~~~~~~~~~~~~~~~^~~~~~~~~~~~~~~~~~~~~~~~~~~~~~~~~~~~~~~~~~~~~~~~~~~~~~~~~~~~~~~
 4679 |                                      owner.expected_copy_end != 0) ||
      |                                      ~~~~~~~~~~~~~~~~~~~~~~~~~~~~~ ~~
/home/hurricane/private/code/Rut/include/rut/runtime/iouring_event_loop.h:4678:34: note: place parentheses around the '&&' expression to silence this warning
 4678 |             (!owner.saw_positive && (owner.positive_bytes != 0 || owner.first_copy_begin != 0 ||
      |                                  ^
      |              (
 4679 |                                      owner.expected_copy_end != 0) ||
      |                                                                   )
/home/hurricane/private/code/Rut/include/rut/runtime/iouring_event_loop.h:4680:33: warning: '&&' within '||' [-Wlogical-op-parentheses]
 4679 |                                      owner.expected_copy_end != 0) ||
      |                                                                    ~~
 4680 |              owner.saw_positive &&
      |              ~~~~~~~~~~~~~~~~~~~^~
 4681 |                  (owner.positive_bytes > received ||
      |                  ~~~~~~~~~~~~~~~~~~~~~~~~~~~~~~~~~~~
 4682 |                   owner.first_copy_begin != header + received - owner.positive_bytes ||
      |                   ~~~~~~~~~~~~~~~~~~~~~~~~~~~~~~~~~~~~~~~~~~~~~~~~~~~~~~~~~~~~~~~~~~~~~
 4683 |                   owner.expected_copy_end != header + received)))
      |                   ~~~~~~~~~~~~~~~~~~~~~~~~~~~~~~~~~~~~~~~~~~~~~
/home/hurricane/private/code/Rut/include/rut/runtime/iouring_event_loop.h:4680:33: note: place parentheses around the '&&' expression to silence this warning
 4680 |              owner.saw_positive &&
      |                                 ^
      |              (
 4681 |                  (owner.positive_bytes > received ||
 4682 |                   owner.first_copy_begin != header + received - owner.positive_bytes ||
 4683 |                   owner.expected_copy_end != header + received)))
      |                                                                
      |                                                                )
4 warnings generated.
[70/84] Linking CXX executable tests/test_traffic_capture
[71/84] Building CXX object tests/CMakeFiles/test_traffic_replay.dir/test_traffic_replay.cc.o
In file included from /home/hurricane/private/code/Rut/tests/test_traffic_replay.cc:7:
In file included from /home/hurricane/private/code/Rut/tests/test_helpers.h:6:
In file included from /home/hurricane/private/code/Rut/include/rut/runtime/callbacks_impl.h:7:
In file included from /home/hurricane/private/code/Rut/include/rut/runtime/callbacks_h2.h:18:
In file included from /home/hurricane/private/code/Rut/include/rut/runtime/http2_conn.h:8:
In file included from /home/hurricane/private/code/Rut/include/rut/runtime/route_table.h:15:
In file included from /home/hurricane/private/code/Rut/include/rut/runtime/rate_limit_key.h:3:
/home/hurricane/private/code/Rut/include/rut/common/rate_limit_key_spec.h:130:21: warning: enumeration values 'Ip', 'Query', and 'Param' not explicitly handled in switch [-Wswitch-enum]
  130 |             switch (k.comps[j].kind) {
      |                     ^~~~~~~~~~~~~~~
1 warning generated.
[72/84] Linking CXX executable tests/test_traffic_replay
[73/84] Building CXX object tests/CMakeFiles/test_nginx_parser.dir/test_nginx_parser.cc.o
In file included from /home/hurricane/private/code/Rut/tests/test_nginx_parser.cc:5:
In file included from /home/hurricane/private/code/Rut/include/rut/compiler/analyze.h:3:
In file included from /home/hurricane/private/code/Rut/include/rut/compiler/ast.h:7:
/home/hurricane/private/code/Rut/include/rut/common/rate_limit_key_spec.h:130:21: warning: enumeration values 'Ip', 'Query', and 'Param' not explicitly handled in switch [-Wswitch-enum]
  130 |             switch (k.comps[j].kind) {
      |                     ^~~~~~~~~~~~~~~
In file included from /home/hurricane/private/code/Rut/tests/test_nginx_parser.cc:5:
In file included from /home/hurricane/private/code/Rut/include/rut/compiler/analyze.h:3:
/home/hurricane/private/code/Rut/include/rut/compiler/ast.h:1067:21: warning: enumeration values 'Upstream', 'Import', and 'Using' not explicitly handled in switch [-Wswitch-enum]
 1067 |             switch (items[i].kind) {
      |                     ^~~~~~~~~~~~~
/home/hurricane/private/code/Rut/tests/test_nginx_parser.cc:2666:28: warning: loop variable 'body' creates a copy from type 'const std::string' (aka 'const basic_string<char>') [-Wrange-loop-construct]
 2666 |     for (const std::string body : {std::string(), std::string(4094u, 'b')}) {
      |                            ^
/home/hurricane/private/code/Rut/tests/test_nginx_parser.cc:2666:10: note: use reference type 'const std::string &' (aka 'const basic_string<char> &') to prevent copying
 2666 |     for (const std::string body : {std::string(), std::string(4094u, 'b')}) {
      |          ^~~~~~~~~~~~~~~~~~~~~~~~
      |                            &
3 warnings generated.
[74/84] Linking CXX executable tests/test_nginx_parser
[75/84] Building CXX object tests/CMakeFiles/test_jit.dir/test_jit.cc.o
In file included from /home/hurricane/private/code/Rut/tests/test_jit.cc:3:
In file included from /home/hurricane/private/code/Rut/include/rut/compiler/analyze.h:3:
In file included from /home/hurricane/private/code/Rut/include/rut/compiler/ast.h:7:
/home/hurricane/private/code/Rut/include/rut/common/rate_limit_key_spec.h:130:21: warning: enumeration values 'Ip', 'Query', and 'Param' not explicitly handled in switch [-Wswitch-enum]
  130 |             switch (k.comps[j].kind) {
      |                     ^~~~~~~~~~~~~~~
In file included from /home/hurricane/private/code/Rut/tests/test_jit.cc:3:
In file included from /home/hurricane/private/code/Rut/include/rut/compiler/analyze.h:3:
/home/hurricane/private/code/Rut/include/rut/compiler/ast.h:1067:21: warning: enumeration values 'Upstream', 'Import', and 'Using' not explicitly handled in switch [-Wswitch-enum]
 1067 |             switch (items[i].kind) {
      |                     ^~~~~~~~~~~~~
In file included from /home/hurricane/private/code/Rut/tests/test_jit.cc:9:
/home/hurricane/private/code/Rut/include/rut/compiler/rir_builder.h:221:13: warning: '__COUNTER__' is a C2y extension [-Wc2y-extensions]
  221 |             TRY_VOID(grow_blocks(fn));
      |             ^
/home/hurricane/private/code/Rut/include/core/expected.h:453:44: note: expanded from macro 'TRY_VOID'
  453 | #define TRY_VOID(expr) TRY_VOID_IMPL(expr, __COUNTER__)
      |                                            ^
In file included from /home/hurricane/private/code/Rut/tests/test_jit.cc:9:
/home/hurricane/private/code/Rut/include/rut/compiler/rir_builder.h:341:13: warning: '__COUNTER__' is a C2y extension [-Wc2y-extensions]
  341 |             TRY_VOID(grow_insts(cur_block));
      |             ^
/home/hurricane/private/code/Rut/include/core/expected.h:453:44: note: expanded from macro 'TRY_VOID'
  453 | #define TRY_VOID(expr) TRY_VOID_IMPL(expr, __COUNTER__)
      |                                            ^
In file included from /home/hurricane/private/code/Rut/tests/test_jit.cc:9:
/home/hurricane/private/code/Rut/include/rut/compiler/rir_builder.h:347:17: warning: '__COUNTER__' is a C2y extension [-Wc2y-extensions]
  347 |                 TRY_VOID(grow_values(cur_func));
      |                 ^
/home/hurricane/private/code/Rut/include/core/expected.h:453:44: note: expanded from macro 'TRY_VOID'
  453 | #define TRY_VOID(expr) TRY_VOID_IMPL(expr, __COUNTER__)
      |                                            ^
In file included from /home/hurricane/private/code/Rut/tests/test_jit.cc:9:
/home/hurricane/private/code/Rut/include/rut/compiler/rir_builder.h:404:20: warning: '__COUNTER__' is a C2y extension [-Wc2y-extensions]
  404 |         auto* ty = TRY(make_type(TypeKind::Str));
      |                    ^
/home/hurricane/private/code/Rut/include/core/expected.h:450:34: note: expanded from macro 'TRY'
  450 | #define TRY(expr) TRY_IMPL(expr, __COUNTER__)
      |                                  ^
In file included from /home/hurricane/private/code/Rut/tests/test_jit.cc:9:
/home/hurricane/private/code/Rut/include/rut/compiler/rir_builder.h:405:28: warning: '__COUNTER__' is a C2y extension [-Wc2y-extensions]
  405 |         auto [inst, vid] = TRY(emit(Opcode::ConstStr, ty, loc));
      |                            ^
/home/hurricane/private/code/Rut/include/core/expected.h:450:34: note: expanded from macro 'TRY'
  450 | #define TRY(expr) TRY_IMPL(expr, __COUNTER__)
      |                                  ^
In file included from /home/hurricane/private/code/Rut/tests/test_jit.cc:9:
/home/hurricane/private/code/Rut/include/rut/compiler/rir_builder.h:411:20: warning: '__COUNTER__' is a C2y extension [-Wc2y-extensions]
  411 |         auto* ty = TRY(make_type(TypeKind::I32));
      |                    ^
/home/hurricane/private/code/Rut/include/core/expected.h:450:34: note: expanded from macro 'TRY'
  450 | #define TRY(expr) TRY_IMPL(expr, __COUNTER__)
      |                                  ^
In file included from /home/hurricane/private/code/Rut/tests/test_jit.cc:9:
/home/hurricane/private/code/Rut/include/rut/compiler/rir_builder.h:412:28: warning: '__COUNTER__' is a C2y extension [-Wc2y-extensions]
  412 |         auto [inst, vid] = TRY(emit(Opcode::ConstI32, ty, loc));
      |                            ^
/home/hurricane/private/code/Rut/include/core/expected.h:450:34: note: expanded from macro 'TRY'
  450 | #define TRY(expr) TRY_IMPL(expr, __COUNTER__)
      |                                  ^
In file included from /home/hurricane/private/code/Rut/tests/test_jit.cc:9:
/home/hurricane/private/code/Rut/include/rut/compiler/rir_builder.h:418:20: warning: '__COUNTER__' is a C2y extension [-Wc2y-extensions]
  418 |         auto* ty = TRY(make_type(TypeKind::I64));
      |                    ^
/home/hurricane/private/code/Rut/include/core/expected.h:450:34: note: expanded from macro 'TRY'
  450 | #define TRY(expr) TRY_IMPL(expr, __COUNTER__)
      |                                  ^
In file included from /home/hurricane/private/code/Rut/tests/test_jit.cc:9:
/home/hurricane/private/code/Rut/include/rut/compiler/rir_builder.h:419:28: warning: '__COUNTER__' is a C2y extension [-Wc2y-extensions]
  419 |         auto [inst, vid] = TRY(emit(Opcode::ConstI64, ty, loc));
      |                            ^
/home/hurricane/private/code/Rut/include/core/expected.h:450:34: note: expanded from macro 'TRY'
  450 | #define TRY(expr) TRY_IMPL(expr, __COUNTER__)
      |                                  ^
In file included from /home/hurricane/private/code/Rut/tests/test_jit.cc:9:
/home/hurricane/private/code/Rut/include/rut/compiler/rir_builder.h:425:20: warning: '__COUNTER__' is a C2y extension [-Wc2y-extensions]
  425 |         auto* ty = TRY(make_type(TypeKind::Bool));
      |                    ^
/home/hurricane/private/code/Rut/include/core/expected.h:450:34: note: expanded from macro 'TRY'
  450 | #define TRY(expr) TRY_IMPL(expr, __COUNTER__)
      |                                  ^
In file included from /home/hurricane/private/code/Rut/tests/test_jit.cc:9:
/home/hurricane/private/code/Rut/include/rut/compiler/rir_builder.h:426:28: warning: '__COUNTER__' is a C2y extension [-Wc2y-extensions]
  426 |         auto [inst, vid] = TRY(emit(Opcode::ConstBool, ty, loc));
      |                            ^
/home/hurricane/private/code/Rut/include/core/expected.h:450:34: note: expanded from macro 'TRY'
  450 | #define TRY(expr) TRY_IMPL(expr, __COUNTER__)
      |                                  ^
In file included from /home/hurricane/private/code/Rut/tests/test_jit.cc:9:
/home/hurricane/private/code/Rut/include/rut/compiler/rir_builder.h:432:20: warning: '__COUNTER__' is a C2y extension [-Wc2y-extensions]
  432 |         auto* ty = TRY(make_type(TypeKind::Duration));
      |                    ^
/home/hurricane/private/code/Rut/include/core/expected.h:450:34: note: expanded from macro 'TRY'
  450 | #define TRY(expr) TRY_IMPL(expr, __COUNTER__)
      |                                  ^
In file included from /home/hurricane/private/code/Rut/tests/test_jit.cc:9:
/home/hurricane/private/code/Rut/include/rut/compiler/rir_builder.h:433:28: warning: '__COUNTER__' is a C2y extension [-Wc2y-extensions]
  433 |         auto [inst, vid] = TRY(emit(Opcode::ConstDuration, ty, loc));
      |                            ^
/home/hurricane/private/code/Rut/include/core/expected.h:450:34: note: expanded from macro 'TRY'
  450 | #define TRY(expr) TRY_IMPL(expr, __COUNTER__)
      |                                  ^
In file included from /home/hurricane/private/code/Rut/tests/test_jit.cc:9:
/home/hurricane/private/code/Rut/include/rut/compiler/rir_builder.h:439:20: warning: '__COUNTER__' is a C2y extension [-Wc2y-extensions]
  439 |         auto* ty = TRY(make_type(TypeKind::ByteSize));
      |                    ^
/home/hurricane/private/code/Rut/include/core/expected.h:450:34: note: expanded from macro 'TRY'
  450 | #define TRY(expr) TRY_IMPL(expr, __COUNTER__)
      |                                  ^
In file included from /home/hurricane/private/code/Rut/tests/test_jit.cc:9:
/home/hurricane/private/code/Rut/include/rut/compiler/rir_builder.h:440:28: warning: '__COUNTER__' is a C2y extension [-Wc2y-extensions]
  440 |         auto [inst, vid] = TRY(emit(Opcode::ConstByteSize, ty, loc));
      |                            ^
/home/hurricane/private/code/Rut/include/core/expected.h:450:34: note: expanded from macro 'TRY'
  450 | #define TRY(expr) TRY_IMPL(expr, __COUNTER__)
      |                                  ^
In file included from /home/hurricane/private/code/Rut/tests/test_jit.cc:9:
/home/hurricane/private/code/Rut/include/rut/compiler/rir_builder.h:446:20: warning: '__COUNTER__' is a C2y extension [-Wc2y-extensions]
  446 |         auto* ty = TRY(make_type(TypeKind::Method));
      |                    ^
/home/hurricane/private/code/Rut/include/core/expected.h:450:34: note: expanded from macro 'TRY'
  450 | #define TRY(expr) TRY_IMPL(expr, __COUNTER__)
      |                                  ^
In file included from /home/hurricane/private/code/Rut/tests/test_jit.cc:9:
/home/hurricane/private/code/Rut/include/rut/compiler/rir_builder.h:447:28: warning: '__COUNTER__' is a C2y extension [-Wc2y-extensions]
  447 |         auto [inst, vid] = TRY(emit(Opcode::ConstMethod, ty, loc));
      |                            ^
/home/hurricane/private/code/Rut/include/core/expected.h:450:34: note: expanded from macro 'TRY'
  450 | #define TRY(expr) TRY_IMPL(expr, __COUNTER__)
      |                                  ^
In file included from /home/hurricane/private/code/Rut/tests/test_jit.cc:9:
/home/hurricane/private/code/Rut/include/rut/compiler/rir_builder.h:453:20: warning: '__COUNTER__' is a C2y extension [-Wc2y-extensions]
  453 |         auto* ty = TRY(make_type(TypeKind::StatusCode));
      |                    ^
/home/hurricane/private/code/Rut/include/core/expected.h:450:34: note: expanded from macro 'TRY'
  450 | #define TRY(expr) TRY_IMPL(expr, __COUNTER__)
      |                                  ^
In file included from /home/hurricane/private/code/Rut/tests/test_jit.cc:9:
/home/hurricane/private/code/Rut/include/rut/compiler/rir_builder.h:454:28: warning: '__COUNTER__' is a C2y extension [-Wc2y-extensions]
  454 |         auto [inst, vid] = TRY(emit(Opcode::ConstStatus, ty, loc));
      |                            ^
/home/hurricane/private/code/Rut/include/core/expected.h:450:34: note: expanded from macro 'TRY'
  450 | #define TRY(expr) TRY_IMPL(expr, __COUNTER__)
      |                                  ^
In file included from /home/hurricane/private/code/Rut/tests/test_jit.cc:9:
/home/hurricane/private/code/Rut/include/rut/compiler/rir_builder.h:462:23: warning: '__COUNTER__' is a C2y extension [-Wc2y-extensions]
  462 |         auto* inner = TRY(make_type(TypeKind::Str));
      |                       ^
/home/hurricane/private/code/Rut/include/core/expected.h:450:34: note: expanded from macro 'TRY'
  450 | #define TRY(expr) TRY_IMPL(expr, __COUNTER__)
      |                                  ^
In file included from /home/hurricane/private/code/Rut/tests/test_jit.cc:9:
/home/hurricane/private/code/Rut/include/rut/compiler/rir_builder.h:463:20: warning: '__COUNTER__' is a C2y extension [-Wc2y-extensions]
  463 |         auto* ty = TRY(make_type(TypeKind::Optional, inner));
      |                    ^
/home/hurricane/private/code/Rut/include/core/expected.h:450:34: note: expanded from macro 'TRY'
  450 | #define TRY(expr) TRY_IMPL(expr, __COUNTER__)
      |                                  ^
In file included from /home/hurricane/private/code/Rut/tests/test_jit.cc:9:
/home/hurricane/private/code/Rut/include/rut/compiler/rir_builder.h:464:28: warning: '__COUNTER__' is a C2y extension [-Wc2y-extensions]
  464 |         auto [inst, vid] = TRY(emit(Opcode::ReqHeader, ty, loc));
      |                            ^
/home/hurricane/private/code/Rut/include/core/expected.h:450:34: note: expanded from macro 'TRY'
  450 | #define TRY(expr) TRY_IMPL(expr, __COUNTER__)
      |                                  ^
In file included from /home/hurricane/private/code/Rut/tests/test_jit.cc:9:
/home/hurricane/private/code/Rut/include/rut/compiler/rir_builder.h:470:20: warning: '__COUNTER__' is a C2y extension [-Wc2y-extensions]
  470 |         auto* ty = TRY(make_type(TypeKind::Str));
      |                    ^
/home/hurricane/private/code/Rut/include/core/expected.h:450:34: note: expanded from macro 'TRY'
  450 | #define TRY(expr) TRY_IMPL(expr, __COUNTER__)
      |                                  ^
In file included from /home/hurricane/private/code/Rut/tests/test_jit.cc:9:
/home/hurricane/private/code/Rut/include/rut/compiler/rir_builder.h:471:28: warning: '__COUNTER__' is a C2y extension [-Wc2y-extensions]
  471 |         auto [inst, vid] = TRY(emit(Opcode::ReqParam, ty, loc));
      |                            ^
/home/hurricane/private/code/Rut/include/core/expected.h:450:34: note: expanded from macro 'TRY'
  450 | #define TRY(expr) TRY_IMPL(expr, __COUNTER__)
      |                                  ^
In file included from /home/hurricane/private/code/Rut/tests/test_jit.cc:9:
/home/hurricane/private/code/Rut/include/rut/compiler/rir_builder.h:477:20: warning: '__COUNTER__' is a C2y extension [-Wc2y-extensions]
  477 |         auto* ty = TRY(make_type(TypeKind::Method));
      |                    ^
/home/hurricane/private/code/Rut/include/core/expected.h:450:34: note: expanded from macro 'TRY'
  450 | #define TRY(expr) TRY_IMPL(expr, __COUNTER__)
      |                                  ^
In file included from /home/hurricane/private/code/Rut/tests/test_jit.cc:9:
/home/hurricane/private/code/Rut/include/rut/compiler/rir_builder.h:478:16: warning: '__COUNTER__' is a C2y extension [-Wc2y-extensions]
  478 |         return TRY(emit(Opcode::ReqMethod, ty, loc)).vid;
      |                ^
/home/hurricane/private/code/Rut/include/core/expected.h:450:34: note: expanded from macro 'TRY'
  450 | #define TRY(expr) TRY_IMPL(expr, __COUNTER__)
      |                                  ^
In file included from /home/hurricane/private/code/Rut/tests/test_jit.cc:9:
/home/hurricane/private/code/Rut/include/rut/compiler/rir_builder.h:482:20: warning: '__COUNTER__' is a C2y extension [-Wc2y-extensions]
  482 |         auto* ty = TRY(make_type(TypeKind::Str));
      |                    ^
/home/hurricane/private/code/Rut/include/core/expected.h:450:34: note: expanded from macro 'TRY'
  450 | #define TRY(expr) TRY_IMPL(expr, __COUNTER__)
      |                                  ^
In file included from /home/hurricane/private/code/Rut/tests/test_jit.cc:9:
/home/hurricane/private/code/Rut/include/rut/compiler/rir_builder.h:483:16: warning: '__COUNTER__' is a C2y extension [-Wc2y-extensions]
  483 |         return TRY(emit(Opcode::ReqPath, ty, loc)).vid;
      |                ^
/home/hurricane/private/code/Rut/include/core/expected.h:450:34: note: expanded from macro 'TRY'
  450 | #define TRY(expr) TRY_IMPL(expr, __COUNTER__)
      |                                  ^
In file included from /home/hurricane/private/code/Rut/tests/test_jit.cc:9:
/home/hurricane/private/code/Rut/include/rut/compiler/rir_builder.h:487:20: warning: '__COUNTER__' is a C2y extension [-Wc2y-extensions]
  487 |         auto* ty = TRY(make_type(TypeKind::Str));
      |                    ^
/home/hurricane/private/code/Rut/include/core/expected.h:450:34: note: expanded from macro 'TRY'
  450 | #define TRY(expr) TRY_IMPL(expr, __COUNTER__)
      |                                  ^
In file included from /home/hurricane/private/code/Rut/tests/test_jit.cc:9:
/home/hurricane/private/code/Rut/include/rut/compiler/rir_builder.h:488:16: warning: '__COUNTER__' is a C2y extension [-Wc2y-extensions]
  488 |         return TRY(emit(Opcode::ReqPathOnly, ty, loc)).vid;
      |                ^
/home/hurricane/private/code/Rut/include/core/expected.h:450:34: note: expanded from macro 'TRY'
  450 | #define TRY(expr) TRY_IMPL(expr, __COUNTER__)
      |                                  ^
In file included from /home/hurricane/private/code/Rut/tests/test_jit.cc:9:
/home/hurricane/private/code/Rut/include/rut/compiler/rir_builder.h:492:20: warning: '__COUNTER__' is a C2y extension [-Wc2y-extensions]
  492 |         auto* ty = TRY(make_type(TypeKind::Str));
      |                    ^
/home/hurricane/private/code/Rut/include/core/expected.h:450:34: note: expanded from macro 'TRY'
  450 | #define TRY(expr) TRY_IMPL(expr, __COUNTER__)
      |                                  ^
In file included from /home/hurricane/private/code/Rut/tests/test_jit.cc:9:
/home/hurricane/private/code/Rut/include/rut/compiler/rir_builder.h:493:16: warning: '__COUNTER__' is a C2y extension [-Wc2y-extensions]
  493 |         return TRY(emit(Opcode::ReqBody, ty, loc)).vid;
      |                ^
/home/hurricane/private/code/Rut/include/core/expected.h:450:34: note: expanded from macro 'TRY'
  450 | #define TRY(expr) TRY_IMPL(expr, __COUNTER__)
      |                                  ^
In file included from /home/hurricane/private/code/Rut/tests/test_jit.cc:9:
/home/hurricane/private/code/Rut/include/rut/compiler/rir_builder.h:497:20: warning: '__COUNTER__' is a C2y extension [-Wc2y-extensions]
  497 |         auto* ty = TRY(make_type(TypeKind::Bool));
      |                    ^
/home/hurricane/private/code/Rut/include/core/expected.h:450:34: note: expanded from macro 'TRY'
  450 | #define TRY(expr) TRY_IMPL(expr, __COUNTER__)
      |                                  ^
In file included from /home/hurricane/private/code/Rut/tests/test_jit.cc:9:
/home/hurricane/private/code/Rut/include/rut/compiler/rir_builder.h:498:16: warning: '__COUNTER__' is a C2y extension [-Wc2y-extensions]
  498 |         return TRY(emit(Opcode::ReqKeepAlive, ty, loc)).vid;
      |                ^
/home/hurricane/private/code/Rut/include/core/expected.h:450:34: note: expanded from macro 'TRY'
  450 | #define TRY(expr) TRY_IMPL(expr, __COUNTER__)
      |                                  ^
In file included from /home/hurricane/private/code/Rut/tests/test_jit.cc:9:
/home/hurricane/private/code/Rut/include/rut/compiler/rir_builder.h:502:20: warning: '__COUNTER__' is a C2y extension [-Wc2y-extensions]
  502 |         auto* ty = TRY(make_type(TypeKind::Bool));
      |                    ^
/home/hurricane/private/code/Rut/include/core/expected.h:450:34: note: expanded from macro 'TRY'
  450 | #define TRY(expr) TRY_IMPL(expr, __COUNTER__)
      |                                  ^
In file included from /home/hurricane/private/code/Rut/tests/test_jit.cc:9:
/home/hurricane/private/code/Rut/include/rut/compiler/rir_builder.h:503:16: warning: '__COUNTER__' is a C2y extension [-Wc2y-extensions]
  503 |         return TRY(emit(Opcode::ReqChunked, ty, loc)).vid;
      |                ^
/home/hurricane/private/code/Rut/include/core/expected.h:450:34: note: expanded from macro 'TRY'
  450 | #define TRY(expr) TRY_IMPL(expr, __COUNTER__)
      |                                  ^
In file included from /home/hurricane/private/code/Rut/tests/test_jit.cc:9:
/home/hurricane/private/code/Rut/include/rut/compiler/rir_builder.h:507:20: warning: '__COUNTER__' is a C2y extension [-Wc2y-extensions]
  507 |         auto* ty = TRY(make_type(TypeKind::Bool));
      |                    ^
/home/hurricane/private/code/Rut/include/core/expected.h:450:34: note: expanded from macro 'TRY'
  450 | #define TRY(expr) TRY_IMPL(expr, __COUNTER__)
      |                                  ^
In file included from /home/hurricane/private/code/Rut/tests/test_jit.cc:9:
/home/hurricane/private/code/Rut/include/rut/compiler/rir_builder.h:508:16: warning: '__COUNTER__' is a C2y extension [-Wc2y-extensions]
  508 |         return TRY(emit(Opcode::ReqHasContentLength, ty, loc)).vid;
      |                ^
/home/hurricane/private/code/Rut/include/core/expected.h:450:34: note: expanded from macro 'TRY'
  450 | #define TRY(expr) TRY_IMPL(expr, __COUNTER__)
      |                                  ^
In file included from /home/hurricane/private/code/Rut/tests/test_jit.cc:9:
/home/hurricane/private/code/Rut/include/rut/compiler/rir_builder.h:512:20: warning: '__COUNTER__' is a C2y extension [-Wc2y-extensions]
  512 |         auto* ty = TRY(make_type(TypeKind::Bool));
      |                    ^
/home/hurricane/private/code/Rut/include/core/expected.h:450:34: note: expanded from macro 'TRY'
  450 | #define TRY(expr) TRY_IMPL(expr, __COUNTER__)
      |                                  ^
In file included from /home/hurricane/private/code/Rut/tests/test_jit.cc:9:
/home/hurricane/private/code/Rut/include/rut/compiler/rir_builder.h:513:16: warning: '__COUNTER__' is a C2y extension [-Wc2y-extensions]
  513 |         return TRY(emit(Opcode::ReqHttp10, ty, loc)).vid;
      |                ^
/home/hurricane/private/code/Rut/include/core/expected.h:450:34: note: expanded from macro 'TRY'
  450 | #define TRY(expr) TRY_IMPL(expr, __COUNTER__)
      |                                  ^
In file included from /home/hurricane/private/code/Rut/tests/test_jit.cc:9:
/home/hurricane/private/code/Rut/include/rut/compiler/rir_builder.h:517:20: warning: '__COUNTER__' is a C2y extension [-Wc2y-extensions]
  517 |         auto* ty = TRY(make_type(TypeKind::Bool));
      |                    ^
/home/hurricane/private/code/Rut/include/core/expected.h:450:34: note: expanded from macro 'TRY'
  450 | #define TRY(expr) TRY_IMPL(expr, __COUNTER__)
      |                                  ^
In file included from /home/hurricane/private/code/Rut/tests/test_jit.cc:9:
/home/hurricane/private/code/Rut/include/rut/compiler/rir_builder.h:518:16: warning: '__COUNTER__' is a C2y extension [-Wc2y-extensions]
  518 |         return TRY(emit(Opcode::ReqHttp11, ty, loc)).vid;
      |                ^
/home/hurricane/private/code/Rut/include/core/expected.h:450:34: note: expanded from macro 'TRY'
  450 | #define TRY(expr) TRY_IMPL(expr, __COUNTER__)
      |                                  ^
In file included from /home/hurricane/private/code/Rut/tests/test_jit.cc:9:
/home/hurricane/private/code/Rut/include/rut/compiler/rir_builder.h:522:20: warning: '__COUNTER__' is a C2y extension [-Wc2y-extensions]
  522 |         auto* ty = TRY(make_type(TypeKind::Str));
      |                    ^
/home/hurricane/private/code/Rut/include/core/expected.h:450:34: note: expanded from macro 'TRY'
  450 | #define TRY(expr) TRY_IMPL(expr, __COUNTER__)
      |                                  ^
In file included from /home/hurricane/private/code/Rut/tests/test_jit.cc:9:
/home/hurricane/private/code/Rut/include/rut/compiler/rir_builder.h:523:16: warning: '__COUNTER__' is a C2y extension [-Wc2y-extensions]
  523 |         return TRY(emit(Opcode::ReqHttpVersion, ty, loc)).vid;
      |                ^
/home/hurricane/private/code/Rut/include/core/expected.h:450:34: note: expanded from macro 'TRY'
  450 | #define TRY(expr) TRY_IMPL(expr, __COUNTER__)
      |                                  ^
In file included from /home/hurricane/private/code/Rut/tests/test_jit.cc:9:
/home/hurricane/private/code/Rut/include/rut/compiler/rir_builder.h:527:20: warning: '__COUNTER__' is a C2y extension [-Wc2y-extensions]
  527 |         auto* ty = TRY(make_type(TypeKind::I32));
      |                    ^
/home/hurricane/private/code/Rut/include/core/expected.h:450:34: note: expanded from macro 'TRY'
  450 | #define TRY(expr) TRY_IMPL(expr, __COUNTER__)
      |                                  ^
In file included from /home/hurricane/private/code/Rut/tests/test_jit.cc:9:
/home/hurricane/private/code/Rut/include/rut/compiler/rir_builder.h:528:16: warning: '__COUNTER__' is a C2y extension [-Wc2y-extensions]
  528 |         return TRY(emit(Opcode::ResumeEventKind, ty, loc)).vid;
      |                ^
/home/hurricane/private/code/Rut/include/core/expected.h:450:34: note: expanded from macro 'TRY'
  450 | #define TRY(expr) TRY_IMPL(expr, __COUNTER__)
      |                                  ^
In file included from /home/hurricane/private/code/Rut/tests/test_jit.cc:9:
/home/hurricane/private/code/Rut/include/rut/compiler/rir_builder.h:532:20: warning: '__COUNTER__' is a C2y extension [-Wc2y-extensions]
  532 |         auto* ty = TRY(make_type(TypeKind::I32));
      |                    ^
/home/hurricane/private/code/Rut/include/core/expected.h:450:34: note: expanded from macro 'TRY'
  450 | #define TRY(expr) TRY_IMPL(expr, __COUNTER__)
      |                                  ^
In file included from /home/hurricane/private/code/Rut/tests/test_jit.cc:9:
/home/hurricane/private/code/Rut/include/rut/compiler/rir_builder.h:533:16: warning: '__COUNTER__' is a C2y extension [-Wc2y-extensions]
  533 |         return TRY(emit(Opcode::ResumeEventResult, ty, loc)).vid;
      |                ^
/home/hurricane/private/code/Rut/include/core/expected.h:450:34: note: expanded from macro 'TRY'
  450 | #define TRY(expr) TRY_IMPL(expr, __COUNTER__)
      |                                  ^
In file included from /home/hurricane/private/code/Rut/tests/test_jit.cc:9:
/home/hurricane/private/code/Rut/include/rut/compiler/rir_builder.h:537:20: warning: '__COUNTER__' is a C2y extension [-Wc2y-extensions]
  537 |         auto* ty = TRY(make_type(TypeKind::I32));
      |                    ^
/home/hurricane/private/code/Rut/include/core/expected.h:450:34: note: expanded from macro 'TRY'
  450 | #define TRY(expr) TRY_IMPL(expr, __COUNTER__)
      |                                  ^
In file included from /home/hurricane/private/code/Rut/tests/test_jit.cc:9:
/home/hurricane/private/code/Rut/include/rut/compiler/rir_builder.h:538:28: warning: '__COUNTER__' is a C2y extension [-Wc2y-extensions]
  538 |         auto [inst, vid] = TRY(emit(Opcode::CtxLoadSlotI32, ty, loc));
      |                            ^
/home/hurricane/private/code/Rut/include/core/expected.h:450:34: note: expanded from macro 'TRY'
  450 | #define TRY(expr) TRY_IMPL(expr, __COUNTER__)
      |                                  ^
In file included from /home/hurricane/private/code/Rut/tests/test_jit.cc:9:
/home/hurricane/private/code/Rut/include/rut/compiler/rir_builder.h:544:20: warning: '__COUNTER__' is a C2y extension [-Wc2y-extensions]
  544 |         auto* ty = TRY(make_type(TypeKind::IP));
      |                    ^
/home/hurricane/private/code/Rut/include/core/expected.h:450:34: note: expanded from macro 'TRY'
  450 | #define TRY(expr) TRY_IMPL(expr, __COUNTER__)
      |                                  ^
In file included from /home/hurricane/private/code/Rut/tests/test_jit.cc:9:
/home/hurricane/private/code/Rut/include/rut/compiler/rir_builder.h:545:16: warning: '__COUNTER__' is a C2y extension [-Wc2y-extensions]
  545 |         return TRY(emit(Opcode::ReqRemoteAddr, ty, loc)).vid;
      |                ^
/home/hurricane/private/code/Rut/include/core/expected.h:450:34: note: expanded from macro 'TRY'
  450 | #define TRY(expr) TRY_IMPL(expr, __COUNTER__)
      |                                  ^
In file included from /home/hurricane/private/code/Rut/tests/test_jit.cc:9:
/home/hurricane/private/code/Rut/include/rut/compiler/rir_builder.h:549:20: warning: '__COUNTER__' is a C2y extension [-Wc2y-extensions]
  549 |         auto* ty = TRY(make_type(TypeKind::ByteSize));
      |                    ^
/home/hurricane/private/code/Rut/include/core/expected.h:450:34: note: expanded from macro 'TRY'
  450 | #define TRY(expr) TRY_IMPL(expr, __COUNTER__)
      |                                  ^
In file included from /home/hurricane/private/code/Rut/tests/test_jit.cc:9:
/home/hurricane/private/code/Rut/include/rut/compiler/rir_builder.h:550:16: warning: '__COUNTER__' is a C2y extension [-Wc2y-extensions]
  550 |         return TRY(emit(Opcode::ReqContentLength, ty, loc)).vid;
      |                ^
/home/hurricane/private/code/Rut/include/core/expected.h:450:34: note: expanded from macro 'TRY'
  450 | #define TRY(expr) TRY_IMPL(expr, __COUNTER__)
      |                                  ^
In file included from /home/hurricane/private/code/Rut/tests/test_jit.cc:9:
/home/hurricane/private/code/Rut/include/rut/compiler/rir_builder.h:554:23: warning: '__COUNTER__' is a C2y extension [-Wc2y-extensions]
  554 |         auto* inner = TRY(make_type(TypeKind::Str));
      |                       ^
/home/hurricane/private/code/Rut/include/core/expected.h:450:34: note: expanded from macro 'TRY'
  450 | #define TRY(expr) TRY_IMPL(expr, __COUNTER__)
      |                                  ^
In file included from /home/hurricane/private/code/Rut/tests/test_jit.cc:9:
/home/hurricane/private/code/Rut/include/rut/compiler/rir_builder.h:555:20: warning: '__COUNTER__' is a C2y extension [-Wc2y-extensions]
  555 |         auto* ty = TRY(make_type(TypeKind::Optional, inner));
      |                    ^
/home/hurricane/private/code/Rut/include/core/expected.h:450:34: note: expanded from macro 'TRY'
  450 | #define TRY(expr) TRY_IMPL(expr, __COUNTER__)
      |                                  ^
In file included from /home/hurricane/private/code/Rut/tests/test_jit.cc:9:
/home/hurricane/private/code/Rut/include/rut/compiler/rir_builder.h:556:28: warning: '__COUNTER__' is a C2y extension [-Wc2y-extensions]
  556 |         auto [inst, vid] = TRY(emit(Opcode::ReqCookie, ty, loc));
      |                            ^
/home/hurricane/private/code/Rut/include/core/expected.h:450:34: note: expanded from macro 'TRY'
  450 | #define TRY(expr) TRY_IMPL(expr, __COUNTER__)
      |                                  ^
In file included from /home/hurricane/private/code/Rut/tests/test_jit.cc:9:
/home/hurricane/private/code/Rut/include/rut/compiler/rir_builder.h:562:23: warning: '__COUNTER__' is a C2y extension [-Wc2y-extensions]
  562 |         auto* inner = TRY(make_type(TypeKind::Str));
      |                       ^
/home/hurricane/private/code/Rut/include/core/expected.h:450:34: note: expanded from macro 'TRY'
  450 | #define TRY(expr) TRY_IMPL(expr, __COUNTER__)
      |                                  ^
In file included from /home/hurricane/private/code/Rut/tests/test_jit.cc:9:
/home/hurricane/private/code/Rut/include/rut/compiler/rir_builder.h:563:20: warning: '__COUNTER__' is a C2y extension [-Wc2y-extensions]
  563 |         auto* ty = TRY(make_type(TypeKind::Optional, inner));
      |                    ^
/home/hurricane/private/code/Rut/include/core/expected.h:450:34: note: expanded from macro 'TRY'
  450 | #define TRY(expr) TRY_IMPL(expr, __COUNTER__)
      |                                  ^
In file included from /home/hurricane/private/code/Rut/tests/test_jit.cc:9:
/home/hurricane/private/code/Rut/include/rut/compiler/rir_builder.h:564:28: warning: '__COUNTER__' is a C2y extension [-Wc2y-extensions]
  564 |         auto [inst, vid] = TRY(emit(Opcode::ReqQuery, ty, loc));
      |                            ^
/home/hurricane/private/code/Rut/include/core/expected.h:450:34: note: expanded from macro 'TRY'
  450 | #define TRY(expr) TRY_IMPL(expr, __COUNTER__)
      |                                  ^
In file included from /home/hurricane/private/code/Rut/tests/test_jit.cc:9:
/home/hurricane/private/code/Rut/include/rut/compiler/rir_builder.h:570:23: warning: '__COUNTER__' is a C2y extension [-Wc2y-extensions]
  570 |         auto* inner = TRY(make_type(TypeKind::Str));
      |                       ^
/home/hurricane/private/code/Rut/include/core/expected.h:450:34: note: expanded from macro 'TRY'
  450 | #define TRY(expr) TRY_IMPL(expr, __COUNTER__)
      |                                  ^
In file included from /home/hurricane/private/code/Rut/tests/test_jit.cc:9:
/home/hurricane/private/code/Rut/include/rut/compiler/rir_builder.h:571:20: warning: '__COUNTER__' is a C2y extension [-Wc2y-extensions]
  571 |         auto* ty = TRY(make_type(TypeKind::Optional, inner));
      |                    ^
/home/hurricane/private/code/Rut/include/core/expected.h:450:34: note: expanded from macro 'TRY'
  450 | #define TRY(expr) TRY_IMPL(expr, __COUNTER__)
      |                                  ^
In file included from /home/hurricane/private/code/Rut/tests/test_jit.cc:9:
/home/hurricane/private/code/Rut/include/rut/compiler/rir_builder.h:572:16: warning: '__COUNTER__' is a C2y extension [-Wc2y-extensions]
  572 |         return TRY(emit(Opcode::ReqQueryString, ty, loc)).vid;
      |                ^
/home/hurricane/private/code/Rut/include/core/expected.h:450:34: note: expanded from macro 'TRY'
  450 | #define TRY(expr) TRY_IMPL(expr, __COUNTER__)
      |                                  ^
In file included from /home/hurricane/private/code/Rut/tests/test_jit.cc:9:
/home/hurricane/private/code/Rut/include/rut/compiler/rir_builder.h:579:18: warning: '__COUNTER__' is a C2y extension [-Wc2y-extensions]
  579 |         auto r = TRY(emit(Opcode::ReqSetHeader, nullptr, loc));
      |                  ^
/home/hurricane/private/code/Rut/include/core/expected.h:450:34: note: expanded from macro 'TRY'
  450 | #define TRY(expr) TRY_IMPL(expr, __COUNTER__)
      |                                  ^
In file included from /home/hurricane/private/code/Rut/tests/test_jit.cc:9:
/home/hurricane/private/code/Rut/include/rut/compiler/rir_builder.h:588:18: warning: '__COUNTER__' is a C2y extension [-Wc2y-extensions]
  588 |         auto r = TRY(emit(Opcode::ReqAddHeader, nullptr, loc));
      |                  ^
/home/hurricane/private/code/Rut/include/core/expected.h:450:34: note: expanded from macro 'TRY'
  450 | #define TRY(expr) TRY_IMPL(expr, __COUNTER__)
      |                                  ^
In file included from /home/hurricane/private/code/Rut/tests/test_jit.cc:9:
/home/hurricane/private/code/Rut/include/rut/compiler/rir_builder.h:600:23: warning: '__COUNTER__' is a C2y extension [-Wc2y-extensions]
  600 |         auto* inner = TRY(make_type(TypeKind::Str));
      |                       ^
/home/hurricane/private/code/Rut/include/core/expected.h:450:34: note: expanded from macro 'TRY'
  450 | #define TRY(expr) TRY_IMPL(expr, __COUNTER__)
      |                                  ^
In file included from /home/hurricane/private/code/Rut/tests/test_jit.cc:9:
/home/hurricane/private/code/Rut/include/rut/compiler/rir_builder.h:601:20: warning: '__COUNTER__' is a C2y extension [-Wc2y-extensions]
  601 |         auto* ty = TRY(make_type(TypeKind::Optional, inner));
      |                    ^
/home/hurricane/private/code/Rut/include/core/expected.h:450:34: note: expanded from macro 'TRY'
  450 | #define TRY(expr) TRY_IMPL(expr, __COUNTER__)
      |                                  ^
In file included from /home/hurricane/private/code/Rut/tests/test_jit.cc:9:
/home/hurricane/private/code/Rut/include/rut/compiler/rir_builder.h:602:18: warning: '__COUNTER__' is a C2y extension [-Wc2y-extensions]
  602 |         auto r = TRY(emit(Opcode::RespHeader, ty, loc));
      |                  ^
/home/hurricane/private/code/Rut/include/core/expected.h:450:34: note: expanded from macro 'TRY'
  450 | #define TRY(expr) TRY_IMPL(expr, __COUNTER__)
      |                                  ^
In file included from /home/hurricane/private/code/Rut/tests/test_jit.cc:9:
/home/hurricane/private/code/Rut/include/rut/compiler/rir_builder.h:611:18: warning: '__COUNTER__' is a C2y extension [-Wc2y-extensions]
  611 |         auto r = TRY(emit(Opcode::RespSetHeader, nullptr, loc));
      |                  ^
/home/hurricane/private/code/Rut/include/core/expected.h:450:34: note: expanded from macro 'TRY'
  450 | #define TRY(expr) TRY_IMPL(expr, __COUNTER__)
      |                                  ^
In file included from /home/hurricane/private/code/Rut/tests/test_jit.cc:9:
/home/hurricane/private/code/Rut/include/rut/compiler/rir_builder.h:620:18: warning: '__COUNTER__' is a C2y extension [-Wc2y-extensions]
  620 |         auto r = TRY(emit(Opcode::RespAddHeader, nullptr, loc));
      |                  ^
/home/hurricane/private/code/Rut/include/core/expected.h:450:34: note: expanded from macro 'TRY'
  450 | #define TRY(expr) TRY_IMPL(expr, __COUNTER__)
      |                                  ^
In file included from /home/hurricane/private/code/Rut/tests/test_jit.cc:9:
/home/hurricane/private/code/Rut/include/rut/compiler/rir_builder.h:628:18: warning: '__COUNTER__' is a C2y extension [-Wc2y-extensions]
  628 |         auto r = TRY(emit(Opcode::RespRemoveHeader, nullptr, loc));
      |                  ^
/home/hurricane/private/code/Rut/include/core/expected.h:450:34: note: expanded from macro 'TRY'
  450 | #define TRY(expr) TRY_IMPL(expr, __COUNTER__)
      |                                  ^
In file included from /home/hurricane/private/code/Rut/tests/test_jit.cc:9:
/home/hurricane/private/code/Rut/include/rut/compiler/rir_builder.h:634:9: warning: '__COUNTER__' is a C2y extension [-Wc2y-extensions]
  634 |         TRY_VOID(emit(Opcode::RespCommitHeaders, nullptr, loc));
      |         ^
/home/hurricane/private/code/Rut/include/core/expected.h:453:44: note: expanded from macro 'TRY_VOID'
  453 | #define TRY_VOID(expr) TRY_VOID_IMPL(expr, __COUNTER__)
      |                                            ^
In file included from /home/hurricane/private/code/Rut/tests/test_jit.cc:9:
/home/hurricane/private/code/Rut/include/rut/compiler/rir_builder.h:640:18: warning: '__COUNTER__' is a C2y extension [-Wc2y-extensions]
  640 |         auto r = TRY(emit(Opcode::ReqSetPath, nullptr, loc));
      |                  ^
/home/hurricane/private/code/Rut/include/core/expected.h:450:34: note: expanded from macro 'TRY'
  450 | #define TRY(expr) TRY_IMPL(expr, __COUNTER__)
      |                                  ^
In file included from /home/hurricane/private/code/Rut/tests/test_jit.cc:9:
/home/hurricane/private/code/Rut/include/rut/compiler/rir_builder.h:649:18: warning: '__COUNTER__' is a C2y extension [-Wc2y-extensions]
  649 |         auto r = TRY(emit(Opcode::ReqSetTargetTransform, nullptr, loc));
      |                  ^
/home/hurricane/private/code/Rut/include/core/expected.h:450:34: note: expanded from macro 'TRY'
  450 | #define TRY(expr) TRY_IMPL(expr, __COUNTER__)
      |                                  ^
In file included from /home/hurricane/private/code/Rut/tests/test_jit.cc:9:
/home/hurricane/private/code/Rut/include/rut/compiler/rir_builder.h:656:18: warning: '__COUNTER__' is a C2y extension [-Wc2y-extensions]
  656 |         auto r = TRY(emit(Opcode::CtxStoreSlotI32, nullptr, loc));
      |                  ^
/home/hurricane/private/code/Rut/include/core/expected.h:450:34: note: expanded from macro 'TRY'
  450 | #define TRY(expr) TRY_IMPL(expr, __COUNTER__)
      |                                  ^
In file included from /home/hurricane/private/code/Rut/tests/test_jit.cc:9:
/home/hurricane/private/code/Rut/include/rut/compiler/rir_builder.h:668:20: warning: '__COUNTER__' is a C2y extension [-Wc2y-extensions]
  668 |         auto* ty = TRY(make_type(TypeKind::Bool));
      |                    ^
/home/hurricane/private/code/Rut/include/core/expected.h:450:34: note: expanded from macro 'TRY'
  450 | #define TRY(expr) TRY_IMPL(expr, __COUNTER__)
      |                                  ^
In file included from /home/hurricane/private/code/Rut/tests/test_jit.cc:9:
/home/hurricane/private/code/Rut/include/rut/compiler/rir_builder.h:669:28: warning: '__COUNTER__' is a C2y extension [-Wc2y-extensions]
  669 |         auto [inst, vid] = TRY(emit(Opcode::StrHasPrefix, ty, loc));
      |                            ^
/home/hurricane/private/code/Rut/include/core/expected.h:450:34: note: expanded from macro 'TRY'
  450 | #define TRY(expr) TRY_IMPL(expr, __COUNTER__)
      |                                  ^
In file included from /home/hurricane/private/code/Rut/tests/test_jit.cc:9:
/home/hurricane/private/code/Rut/include/rut/compiler/rir_builder.h:679:20: warning: '__COUNTER__' is a C2y extension [-Wc2y-extensions]
  679 |         auto* ty = TRY(make_type(TypeKind::Str));
      |                    ^
/home/hurricane/private/code/Rut/include/core/expected.h:450:34: note: expanded from macro 'TRY'
  450 | #define TRY(expr) TRY_IMPL(expr, __COUNTER__)
      |                                  ^
In file included from /home/hurricane/private/code/Rut/tests/test_jit.cc:9:
/home/hurricane/private/code/Rut/include/rut/compiler/rir_builder.h:680:28: warning: '__COUNTER__' is a C2y extension [-Wc2y-extensions]
  680 |         auto [inst, vid] = TRY(emit(Opcode::StrTrimPrefix, ty, loc));
      |                            ^
/home/hurricane/private/code/Rut/include/core/expected.h:450:34: note: expanded from macro 'TRY'
  450 | #define TRY(expr) TRY_IMPL(expr, __COUNTER__)
      |                                  ^
In file included from /home/hurricane/private/code/Rut/tests/test_jit.cc:9:
/home/hurricane/private/code/Rut/include/rut/compiler/rir_builder.h:689:20: warning: '__COUNTER__' is a C2y extension [-Wc2y-extensions]
  689 |         auto* ty = TRY(make_type(TypeKind::Bool));
      |                    ^
/home/hurricane/private/code/Rut/include/core/expected.h:450:34: note: expanded from macro 'TRY'
  450 | #define TRY(expr) TRY_IMPL(expr, __COUNTER__)
      |                                  ^
In file included from /home/hurricane/private/code/Rut/tests/test_jit.cc:9:
/home/hurricane/private/code/Rut/include/rut/compiler/rir_builder.h:690:28: warning: '__COUNTER__' is a C2y extension [-Wc2y-extensions]
  690 |         auto [inst, vid] = TRY(emit(Opcode::StrRegexMatch, ty, loc));
      |                            ^
/home/hurricane/private/code/Rut/include/core/expected.h:450:34: note: expanded from macro 'TRY'
  450 | #define TRY(expr) TRY_IMPL(expr, __COUNTER__)
      |                                  ^
In file included from /home/hurricane/private/code/Rut/tests/test_jit.cc:9:
/home/hurricane/private/code/Rut/include/rut/compiler/rir_builder.h:698:20: warning: '__COUNTER__' is a C2y extension [-Wc2y-extensions]
  698 |         auto* ty = TRY(make_type(TypeKind::Str));
      |                    ^
/home/hurricane/private/code/Rut/include/core/expected.h:450:34: note: expanded from macro 'TRY'
  450 | #define TRY(expr) TRY_IMPL(expr, __COUNTER__)
      |                                  ^
In file included from /home/hurricane/private/code/Rut/tests/test_jit.cc:9:
/home/hurricane/private/code/Rut/include/rut/compiler/rir_builder.h:699:18: warning: '__COUNTER__' is a C2y extension [-Wc2y-extensions]
  699 |         auto r = TRY(emit(Opcode::StrInterpolate, ty, loc));
      |                  ^
/home/hurricane/private/code/Rut/include/core/expected.h:450:34: note: expanded from macro 'TRY'
  450 | #define TRY(expr) TRY_IMPL(expr, __COUNTER__)
      |                                  ^
In file included from /home/hurricane/private/code/Rut/tests/test_jit.cc:9:
/home/hurricane/private/code/Rut/include/rut/compiler/rir_builder.h:740:20: warning: '__COUNTER__' is a C2y extension [-Wc2y-extensions]
  740 |         auto* ty = TRY(make_type(TypeKind::Bool));
      |                    ^
/home/hurricane/private/code/Rut/include/core/expected.h:450:34: note: expanded from macro 'TRY'
  450 | #define TRY(expr) TRY_IMPL(expr, __COUNTER__)
      |                                  ^
In file included from /home/hurricane/private/code/Rut/tests/test_jit.cc:9:
/home/hurricane/private/code/Rut/include/rut/compiler/rir_builder.h:741:28: warning: '__COUNTER__' is a C2y extension [-Wc2y-extensions]
  741 |         auto [inst, vid] = TRY(emit(cmp_op, ty, loc));
      |                            ^
/home/hurricane/private/code/Rut/include/core/expected.h:450:34: note: expanded from macro 'TRY'
  450 | #define TRY(expr) TRY_IMPL(expr, __COUNTER__)
      |                                  ^
In file included from /home/hurricane/private/code/Rut/tests/test_jit.cc:9:
/home/hurricane/private/code/Rut/include/rut/compiler/rir_builder.h:771:20: warning: '__COUNTER__' is a C2y extension [-Wc2y-extensions]
  771 |         auto* ty = TRY(make_type(both_i64 ? TypeKind::I64 : TypeKind::I32));
      |                    ^
/home/hurricane/private/code/Rut/include/core/expected.h:450:34: note: expanded from macro 'TRY'
  450 | #define TRY(expr) TRY_IMPL(expr, __COUNTER__)
      |                                  ^
In file included from /home/hurricane/private/code/Rut/tests/test_jit.cc:9:
/home/hurricane/private/code/Rut/include/rut/compiler/rir_builder.h:772:28: warning: '__COUNTER__' is a C2y extension [-Wc2y-extensions]
  772 |         auto [inst, vid] = TRY(emit(bit_op, ty, loc));
      |                            ^
/home/hurricane/private/code/Rut/include/core/expected.h:450:34: note: expanded from macro 'TRY'
  450 | #define TRY(expr) TRY_IMPL(expr, __COUNTER__)
      |                                  ^
In file included from /home/hurricane/private/code/Rut/tests/test_jit.cc:9:
/home/hurricane/private/code/Rut/include/rut/compiler/rir_builder.h:803:20: warning: '__COUNTER__' is a C2y extension [-Wc2y-extensions]
  803 |         auto* ty = TRY(make_type(both_i64 ? TypeKind::I64 : TypeKind::I32));
      |                    ^
/home/hurricane/private/code/Rut/include/core/expected.h:450:34: note: expanded from macro 'TRY'
  450 | #define TRY(expr) TRY_IMPL(expr, __COUNTER__)
      |                                  ^
In file included from /home/hurricane/private/code/Rut/tests/test_jit.cc:9:
/home/hurricane/private/code/Rut/include/rut/compiler/rir_builder.h:804:28: warning: '__COUNTER__' is a C2y extension [-Wc2y-extensions]
  804 |         auto [inst, vid] = TRY(emit(arith_op, ty, loc));
      |                            ^
/home/hurricane/private/code/Rut/include/core/expected.h:450:34: note: expanded from macro 'TRY'
  450 | #define TRY(expr) TRY_IMPL(expr, __COUNTER__)
      |                                  ^
In file included from /home/hurricane/private/code/Rut/tests/test_jit.cc:9:
/home/hurricane/private/code/Rut/include/rut/compiler/rir_builder.h:813:20: warning: '__COUNTER__' is a C2y extension [-Wc2y-extensions]
  813 |         auto* ty = TRY(make_type(TypeKind::I64));
      |                    ^
/home/hurricane/private/code/Rut/include/core/expected.h:450:34: note: expanded from macro 'TRY'
  450 | #define TRY(expr) TRY_IMPL(expr, __COUNTER__)
      |                                  ^
In file included from /home/hurricane/private/code/Rut/tests/test_jit.cc:9:
/home/hurricane/private/code/Rut/include/rut/compiler/rir_builder.h:814:28: warning: '__COUNTER__' is a C2y extension [-Wc2y-extensions]
  814 |         auto [inst, vid] = TRY(emit(Opcode::SextI64, ty, loc));
      |                            ^
/home/hurricane/private/code/Rut/include/core/expected.h:450:34: note: expanded from macro 'TRY'
  450 | #define TRY(expr) TRY_IMPL(expr, __COUNTER__)
      |                                  ^
In file included from /home/hurricane/private/code/Rut/tests/test_jit.cc:9:
/home/hurricane/private/code/Rut/include/rut/compiler/rir_builder.h:823:20: warning: '__COUNTER__' is a C2y extension [-Wc2y-extensions]
  823 |         auto* ty = TRY(make_type(TypeKind::I64));
      |                    ^
/home/hurricane/private/code/Rut/include/core/expected.h:450:34: note: expanded from macro 'TRY'
  450 | #define TRY(expr) TRY_IMPL(expr, __COUNTER__)
      |                                  ^
In file included from /home/hurricane/private/code/Rut/tests/test_jit.cc:9:
/home/hurricane/private/code/Rut/include/rut/compiler/rir_builder.h:824:16: warning: '__COUNTER__' is a C2y extension [-Wc2y-extensions]
  824 |         return TRY(emit(Opcode::TimeNowMicros, ty, loc)).vid;
      |                ^
/home/hurricane/private/code/Rut/include/core/expected.h:450:34: note: expanded from macro 'TRY'
  450 | #define TRY(expr) TRY_IMPL(expr, __COUNTER__)
      |                                  ^
In file included from /home/hurricane/private/code/Rut/tests/test_jit.cc:9:
/home/hurricane/private/code/Rut/include/rut/compiler/rir_builder.h:829:20: warning: '__COUNTER__' is a C2y extension [-Wc2y-extensions]
  829 |         auto* ty = TRY(make_type(TypeKind::Bool));
      |                    ^
/home/hurricane/private/code/Rut/include/core/expected.h:450:34: note: expanded from macro 'TRY'
  450 | #define TRY(expr) TRY_IMPL(expr, __COUNTER__)
      |                                  ^
In file included from /home/hurricane/private/code/Rut/tests/test_jit.cc:9:
/home/hurricane/private/code/Rut/include/rut/compiler/rir_builder.h:830:28: warning: '__COUNTER__' is a C2y extension [-Wc2y-extensions]
  830 |         auto [inst, vid] = TRY(emit(Opcode::IpInCidr, ty, loc));
      |                            ^
/home/hurricane/private/code/Rut/include/core/expected.h:450:34: note: expanded from macro 'TRY'
  450 | #define TRY(expr) TRY_IMPL(expr, __COUNTER__)
      |                                  ^
In file included from /home/hurricane/private/code/Rut/tests/test_jit.cc:9:
/home/hurricane/private/code/Rut/include/rut/compiler/rir_builder.h:841:20: warning: '__COUNTER__' is a C2y extension [-Wc2y-extensions]
  841 |         auto* ty = TRY(make_type(TypeKind::Optional, inner_type));
      |                    ^
/home/hurricane/private/code/Rut/include/core/expected.h:450:34: note: expanded from macro 'TRY'
  450 | #define TRY(expr) TRY_IMPL(expr, __COUNTER__)
      |                                  ^
In file included from /home/hurricane/private/code/Rut/tests/test_jit.cc:9:
/home/hurricane/private/code/Rut/include/rut/compiler/rir_builder.h:842:16: warning: '__COUNTER__' is a C2y extension [-Wc2y-extensions]
  842 |         return TRY(emit(Opcode::OptNil, ty, loc)).vid;
      |                ^
/home/hurricane/private/code/Rut/include/core/expected.h:450:34: note: expanded from macro 'TRY'
  450 | #define TRY(expr) TRY_IMPL(expr, __COUNTER__)
      |                                  ^
In file included from /home/hurricane/private/code/Rut/tests/test_jit.cc:9:
/home/hurricane/private/code/Rut/include/rut/compiler/rir_builder.h:849:20: warning: '__COUNTER__' is a C2y extension [-Wc2y-extensions]
  849 |         auto* ty = TRY(make_type(TypeKind::Optional, inner));
      |                    ^
/home/hurricane/private/code/Rut/include/core/expected.h:450:34: note: expanded from macro 'TRY'
  450 | #define TRY(expr) TRY_IMPL(expr, __COUNTER__)
      |                                  ^
In file included from /home/hurricane/private/code/Rut/tests/test_jit.cc:9:
/home/hurricane/private/code/Rut/include/rut/compiler/rir_builder.h:850:28: warning: '__COUNTER__' is a C2y extension [-Wc2y-extensions]
  850 |         auto [inst, vid] = TRY(emit(Opcode::OptWrap, ty, loc));
      |                            ^
/home/hurricane/private/code/Rut/include/core/expected.h:450:34: note: expanded from macro 'TRY'
  450 | #define TRY(expr) TRY_IMPL(expr, __COUNTER__)
      |                                  ^
In file included from /home/hurricane/private/code/Rut/tests/test_jit.cc:9:
/home/hurricane/private/code/Rut/include/rut/compiler/rir_builder.h:858:20: warning: '__COUNTER__' is a C2y extension [-Wc2y-extensions]
  858 |         auto* ty = TRY(make_type(TypeKind::Bool));
      |                    ^
/home/hurricane/private/code/Rut/include/core/expected.h:450:34: note: expanded from macro 'TRY'
  450 | #define TRY(expr) TRY_IMPL(expr, __COUNTER__)
      |                                  ^
In file included from /home/hurricane/private/code/Rut/tests/test_jit.cc:9:
/home/hurricane/private/code/Rut/include/rut/compiler/rir_builder.h:859:28: warning: '__COUNTER__' is a C2y extension [-Wc2y-extensions]
  859 |         auto [inst, vid] = TRY(emit(Opcode::OptIsNil, ty, loc));
      |                            ^
/home/hurricane/private/code/Rut/include/core/expected.h:450:34: note: expanded from macro 'TRY'
  450 | #define TRY(expr) TRY_IMPL(expr, __COUNTER__)
      |                                  ^
In file included from /home/hurricane/private/code/Rut/tests/test_jit.cc:9:
/home/hurricane/private/code/Rut/include/rut/compiler/rir_builder.h:874:28: warning: '__COUNTER__' is a C2y extension [-Wc2y-extensions]
  874 |         auto [inst, vid] = TRY(emit(Opcode::Select, then_ty, loc));
      |                            ^
/home/hurricane/private/code/Rut/include/core/expected.h:450:34: note: expanded from macro 'TRY'
  450 | #define TRY(expr) TRY_IMPL(expr, __COUNTER__)
      |                                  ^
In file included from /home/hurricane/private/code/Rut/tests/test_jit.cc:9:
/home/hurricane/private/code/Rut/include/rut/compiler/rir_builder.h:889:28: warning: '__COUNTER__' is a C2y extension [-Wc2y-extensions]
  889 |         auto [inst, vid] = TRY(emit(Opcode::OptUnwrap, inner_type, loc));
      |                            ^
/home/hurricane/private/code/Rut/include/core/expected.h:450:34: note: expanded from macro 'TRY'
  450 | #define TRY(expr) TRY_IMPL(expr, __COUNTER__)
      |                                  ^
In file included from /home/hurricane/private/code/Rut/tests/test_jit.cc:9:
/home/hurricane/private/code/Rut/include/rut/compiler/rir_builder.h:917:28: warning: '__COUNTER__' is a C2y extension [-Wc2y-extensions]
  917 |         auto [inst, vid] = TRY(emit(Opcode::StructField, field_type, loc));
      |                            ^
/home/hurricane/private/code/Rut/include/core/expected.h:450:34: note: expanded from macro 'TRY'
  450 | #define TRY(expr) TRY_IMPL(expr, __COUNTER__)
      |                                  ^
In file included from /home/hurricane/private/code/Rut/tests/test_jit.cc:9:
/home/hurricane/private/code/Rut/include/rut/compiler/rir_builder.h:936:20: warning: '__COUNTER__' is a C2y extension [-Wc2y-extensions]
  936 |         auto* ty = TRY(make_type(TypeKind::Struct, nullptr, sd));
      |                    ^
/home/hurricane/private/code/Rut/include/core/expected.h:450:34: note: expanded from macro 'TRY'
  450 | #define TRY(expr) TRY_IMPL(expr, __COUNTER__)
      |                                  ^
In file included from /home/hurricane/private/code/Rut/tests/test_jit.cc:9:
/home/hurricane/private/code/Rut/include/rut/compiler/rir_builder.h:937:28: warning: '__COUNTER__' is a C2y extension [-Wc2y-extensions]
  937 |         auto [inst, vid] = TRY(emit(Opcode::StructCreate, ty, loc));
      |                            ^
/home/hurricane/private/code/Rut/include/core/expected.h:450:34: note: expanded from macro 'TRY'
  450 | #define TRY(expr) TRY_IMPL(expr, __COUNTER__)
      |                                  ^
In file included from /home/hurricane/private/code/Rut/tests/test_jit.cc:9:
/home/hurricane/private/code/Rut/include/rut/compiler/rir_builder.h:959:28: warning: '__COUNTER__' is a C2y extension [-Wc2y-extensions]
  959 |         auto [inst, vid] = TRY(emit(Opcode::BodyParse, target_type, loc));
      |                            ^
/home/hurricane/private/code/Rut/include/core/expected.h:450:34: note: expanded from macro 'TRY'
  450 | #define TRY(expr) TRY_IMPL(expr, __COUNTER__)
      |                                  ^
In file included from /home/hurricane/private/code/Rut/tests/test_jit.cc:9:
/home/hurricane/private/code/Rut/include/rut/compiler/rir_builder.h:975:27: warning: '__COUNTER__' is a C2y extension [-Wc2y-extensions]
  975 |             auto* inner = TRY(make_type(TypeKind::I64));
      |                           ^
/home/hurricane/private/code/Rut/include/core/expected.h:450:34: note: expanded from macro 'TRY'
  450 | #define TRY(expr) TRY_IMPL(expr, __COUNTER__)
      |                                  ^
In file included from /home/hurricane/private/code/Rut/tests/test_jit.cc:9:
/home/hurricane/private/code/Rut/include/rut/compiler/rir_builder.h:976:29: warning: '__COUNTER__' is a C2y extension [-Wc2y-extensions]
  976 |             opt_i64_cache = TRY(make_type(TypeKind::Optional, inner));
      |                             ^
/home/hurricane/private/code/Rut/include/core/expected.h:450:34: note: expanded from macro 'TRY'
  450 | #define TRY(expr) TRY_IMPL(expr, __COUNTER__)
      |                                  ^
In file included from /home/hurricane/private/code/Rut/tests/test_jit.cc:9:
/home/hurricane/private/code/Rut/include/rut/compiler/rir_builder.h:979:28: warning: '__COUNTER__' is a C2y extension [-Wc2y-extensions]
  979 |         auto [inst, vid] = TRY(emit(Opcode::CacheGet, ty, loc));
      |                            ^
/home/hurricane/private/code/Rut/include/core/expected.h:450:34: note: expanded from macro 'TRY'
  450 | #define TRY(expr) TRY_IMPL(expr, __COUNTER__)
      |                                  ^
In file included from /home/hurricane/private/code/Rut/tests/test_jit.cc:9:
/home/hurricane/private/code/Rut/include/rut/compiler/rir_builder.h:990:20: warning: '__COUNTER__' is a C2y extension [-Wc2y-extensions]
  990 |         auto* ty = TRY(make_type(TypeKind::I64));
      |                    ^
/home/hurricane/private/code/Rut/include/core/expected.h:450:34: note: expanded from macro 'TRY'
  450 | #define TRY(expr) TRY_IMPL(expr, __COUNTER__)
      |                                  ^
In file included from /home/hurricane/private/code/Rut/tests/test_jit.cc:9:
/home/hurricane/private/code/Rut/include/rut/compiler/rir_builder.h:991:28: warning: '__COUNTER__' is a C2y extension [-Wc2y-extensions]
  991 |         auto [inst, vid] = TRY(emit(Opcode::CacheSet, ty, loc));
      |                            ^
/home/hurricane/private/code/Rut/include/core/expected.h:450:34: note: expanded from macro 'TRY'
  450 | #define TRY(expr) TRY_IMPL(expr, __COUNTER__)
      |                                  ^
In file included from /home/hurricane/private/code/Rut/tests/test_jit.cc:9:
/home/hurricane/private/code/Rut/include/rut/compiler/rir_builder.h:1006:18: warning: '__COUNTER__' is a C2y extension [-Wc2y-extensions]
 1006 |         auto r = TRY(emit(Opcode::Br, nullptr, loc));
      |                  ^
/home/hurricane/private/code/Rut/include/core/expected.h:450:34: note: expanded from macro 'TRY'
  450 | #define TRY(expr) TRY_IMPL(expr, __COUNTER__)
      |                                  ^
In file included from /home/hurricane/private/code/Rut/tests/test_jit.cc:9:
/home/hurricane/private/code/Rut/include/rut/compiler/rir_builder.h:1017:18: warning: '__COUNTER__' is a C2y extension [-Wc2y-extensions]
 1017 |         auto r = TRY(emit(Opcode::Jmp, nullptr, loc));
      |                  ^
/home/hurricane/private/code/Rut/include/core/expected.h:450:34: note: expanded from macro 'TRY'
  450 | #define TRY(expr) TRY_IMPL(expr, __COUNTER__)
      |                                  ^
In file included from /home/hurricane/private/code/Rut/tests/test_jit.cc:9:
/home/hurricane/private/code/Rut/include/rut/compiler/rir_builder.h:1035:18: warning: '__COUNTER__' is a C2y extension [-Wc2y-extensions]
 1035 |         auto r = TRY(emit(Opcode::RetStatus, nullptr, loc));
      |                  ^
/home/hurricane/private/code/Rut/include/core/expected.h:450:34: note: expanded from macro 'TRY'
  450 | #define TRY(expr) TRY_IMPL(expr, __COUNTER__)
      |                                  ^
In file included from /home/hurricane/private/code/Rut/tests/test_jit.cc:9:
/home/hurricane/private/code/Rut/include/rut/compiler/rir_builder.h:1128:18: warning: '__COUNTER__' is a C2y extension [-Wc2y-extensions]
 1128 |         auto r = TRY(emit(Opcode::RetStatus, nullptr, loc));
      |                  ^
/home/hurricane/private/code/Rut/include/core/expected.h:450:34: note: expanded from macro 'TRY'
  450 | #define TRY(expr) TRY_IMPL(expr, __COUNTER__)
      |                                  ^
In file included from /home/hurricane/private/code/Rut/tests/test_jit.cc:9:
/home/hurricane/private/code/Rut/include/rut/compiler/rir_builder.h:1160:18: warning: '__COUNTER__' is a C2y extension [-Wc2y-extensions]
 1160 |         auto r = TRY(emit(Opcode::RetForward, nullptr, loc));
      |                  ^
/home/hurricane/private/code/Rut/include/core/expected.h:450:34: note: expanded from macro 'TRY'
  450 | #define TRY(expr) TRY_IMPL(expr, __COUNTER__)
      |                                  ^
In file included from /home/hurricane/private/code/Rut/tests/test_jit.cc:9:
/home/hurricane/private/code/Rut/include/rut/compiler/rir_builder.h:1188:18: warning: '__COUNTER__' is a C2y extension [-Wc2y-extensions]
 1188 |         auto r = TRY(emit(Opcode::RetForwardBundle, nullptr, loc));
      |                  ^
/home/hurricane/private/code/Rut/include/core/expected.h:450:34: note: expanded from macro 'TRY'
  450 | #define TRY(expr) TRY_IMPL(expr, __COUNTER__)
      |                                  ^
In file included from /home/hurricane/private/code/Rut/tests/test_jit.cc:9:
/home/hurricane/private/code/Rut/include/rut/compiler/rir_builder.h:1200:18: warning: '__COUNTER__' is a C2y extension [-Wc2y-extensions]
 1200 |         auto r = TRY(emit(Opcode::RetRedirect, nullptr, loc));
      |                  ^
/home/hurricane/private/code/Rut/include/core/expected.h:450:34: note: expanded from macro 'TRY'
  450 | #define TRY(expr) TRY_IMPL(expr, __COUNTER__)
      |                                  ^
In file included from /home/hurricane/private/code/Rut/tests/test_jit.cc:9:
/home/hurricane/private/code/Rut/include/rut/compiler/rir_builder.h:1211:20: warning: '__COUNTER__' is a C2y extension [-Wc2y-extensions]
 1211 |         auto* ty = TRY(make_type(TypeKind::Str));
      |                    ^
/home/hurricane/private/code/Rut/include/core/expected.h:450:34: note: expanded from macro 'TRY'
  450 | #define TRY(expr) TRY_IMPL(expr, __COUNTER__)
      |                                  ^
In file included from /home/hurricane/private/code/Rut/tests/test_jit.cc:9:
/home/hurricane/private/code/Rut/include/rut/compiler/rir_builder.h:1212:28: warning: '__COUNTER__' is a C2y extension [-Wc2y-extensions]
 1212 |         auto [inst, vid] = TRY(emit(Opcode::YieldHttpGet, ty, loc));
      |                            ^
/home/hurricane/private/code/Rut/include/core/expected.h:450:34: note: expanded from macro 'TRY'
  450 | #define TRY(expr) TRY_IMPL(expr, __COUNTER__)
      |                                  ^
In file included from /home/hurricane/private/code/Rut/tests/test_jit.cc:9:
/home/hurricane/private/code/Rut/include/rut/compiler/rir_builder.h:1230:18: warning: '__COUNTER__' is a C2y extension [-Wc2y-extensions]
 1230 |         auto r = TRY(emit(Opcode::YieldTimer, nullptr, loc));
      |                  ^
/home/hurricane/private/code/Rut/include/core/expected.h:450:34: note: expanded from macro 'TRY'
  450 | #define TRY(expr) TRY_IMPL(expr, __COUNTER__)
      |                                  ^
In file included from /home/hurricane/private/code/Rut/tests/test_jit.cc:9:
/home/hurricane/private/code/Rut/include/rut/compiler/rir_builder.h:711:17: warning: 88 enumeration values not explicitly handled in switch: 'ConstStr', 'ConstI32', 'ConstI64'... [-Wswitch-enum]
  711 |         switch (op) {
      |                 ^~
/home/hurricane/private/code/Rut/include/rut/compiler/rir_builder.h:751:17: warning: 89 enumeration values not explicitly handled in switch: 'ConstStr', 'ConstI32', 'ConstI64'... [-Wswitch-enum]
  751 |         switch (op) {
      |                 ^~
/home/hurricane/private/code/Rut/include/rut/compiler/rir_builder.h:782:17: warning: 87 enumeration values not explicitly handled in switch: 'ConstStr', 'ConstI32', 'ConstI64'... [-Wswitch-enum]
  782 |         switch (op) {
      |                 ^~
127 warnings generated.
[76/84] Linking CXX executable tests/test_jit
[77/84] Building CXX object tests/CMakeFiles/test_integration.dir/test_integration.cc.o
In file included from /home/hurricane/private/code/Rut/tests/test_integration.cc:6:
In file included from /home/hurricane/private/code/Rut/include/rut/compiler/analyze.h:3:
In file included from /home/hurricane/private/code/Rut/include/rut/compiler/ast.h:7:
/home/hurricane/private/code/Rut/include/rut/common/rate_limit_key_spec.h:130:21: warning: enumeration values 'Ip', 'Query', and 'Param' not explicitly handled in switch [-Wswitch-enum]
  130 |             switch (k.comps[j].kind) {
      |                     ^~~~~~~~~~~~~~~
In file included from /home/hurricane/private/code/Rut/tests/test_integration.cc:6:
In file included from /home/hurricane/private/code/Rut/include/rut/compiler/analyze.h:3:
/home/hurricane/private/code/Rut/include/rut/compiler/ast.h:1067:21: warning: enumeration values 'Upstream', 'Import', and 'Using' not explicitly handled in switch [-Wswitch-enum]
 1067 |             switch (items[i].kind) {
      |                     ^~~~~~~~~~~~~
In file included from /home/hurricane/private/code/Rut/tests/test_integration.cc:11:
/home/hurricane/private/code/Rut/include/rut/compiler/rir_builder.h:221:13: warning: '__COUNTER__' is a C2y extension [-Wc2y-extensions]
  221 |             TRY_VOID(grow_blocks(fn));
      |             ^
/home/hurricane/private/code/Rut/include/core/expected.h:453:44: note: expanded from macro 'TRY_VOID'
  453 | #define TRY_VOID(expr) TRY_VOID_IMPL(expr, __COUNTER__)
      |                                            ^
In file included from /home/hurricane/private/code/Rut/tests/test_integration.cc:11:
/home/hurricane/private/code/Rut/include/rut/compiler/rir_builder.h:341:13: warning: '__COUNTER__' is a C2y extension [-Wc2y-extensions]
  341 |             TRY_VOID(grow_insts(cur_block));
      |             ^
/home/hurricane/private/code/Rut/include/core/expected.h:453:44: note: expanded from macro 'TRY_VOID'
  453 | #define TRY_VOID(expr) TRY_VOID_IMPL(expr, __COUNTER__)
      |                                            ^
In file included from /home/hurricane/private/code/Rut/tests/test_integration.cc:11:
/home/hurricane/private/code/Rut/include/rut/compiler/rir_builder.h:347:17: warning: '__COUNTER__' is a C2y extension [-Wc2y-extensions]
  347 |                 TRY_VOID(grow_values(cur_func));
      |                 ^
/home/hurricane/private/code/Rut/include/core/expected.h:453:44: note: expanded from macro 'TRY_VOID'
  453 | #define TRY_VOID(expr) TRY_VOID_IMPL(expr, __COUNTER__)
      |                                            ^
In file included from /home/hurricane/private/code/Rut/tests/test_integration.cc:11:
/home/hurricane/private/code/Rut/include/rut/compiler/rir_builder.h:404:20: warning: '__COUNTER__' is a C2y extension [-Wc2y-extensions]
  404 |         auto* ty = TRY(make_type(TypeKind::Str));
      |                    ^
/home/hurricane/private/code/Rut/include/core/expected.h:450:34: note: expanded from macro 'TRY'
  450 | #define TRY(expr) TRY_IMPL(expr, __COUNTER__)
      |                                  ^
In file included from /home/hurricane/private/code/Rut/tests/test_integration.cc:11:
/home/hurricane/private/code/Rut/include/rut/compiler/rir_builder.h:405:28: warning: '__COUNTER__' is a C2y extension [-Wc2y-extensions]
  405 |         auto [inst, vid] = TRY(emit(Opcode::ConstStr, ty, loc));
      |                            ^
/home/hurricane/private/code/Rut/include/core/expected.h:450:34: note: expanded from macro 'TRY'
  450 | #define TRY(expr) TRY_IMPL(expr, __COUNTER__)
      |                                  ^
In file included from /home/hurricane/private/code/Rut/tests/test_integration.cc:11:
/home/hurricane/private/code/Rut/include/rut/compiler/rir_builder.h:411:20: warning: '__COUNTER__' is a C2y extension [-Wc2y-extensions]
  411 |         auto* ty = TRY(make_type(TypeKind::I32));
      |                    ^
/home/hurricane/private/code/Rut/include/core/expected.h:450:34: note: expanded from macro 'TRY'
  450 | #define TRY(expr) TRY_IMPL(expr, __COUNTER__)
      |                                  ^
In file included from /home/hurricane/private/code/Rut/tests/test_integration.cc:11:
/home/hurricane/private/code/Rut/include/rut/compiler/rir_builder.h:412:28: warning: '__COUNTER__' is a C2y extension [-Wc2y-extensions]
  412 |         auto [inst, vid] = TRY(emit(Opcode::ConstI32, ty, loc));
      |                            ^
/home/hurricane/private/code/Rut/include/core/expected.h:450:34: note: expanded from macro 'TRY'
  450 | #define TRY(expr) TRY_IMPL(expr, __COUNTER__)
      |                                  ^
In file included from /home/hurricane/private/code/Rut/tests/test_integration.cc:11:
/home/hurricane/private/code/Rut/include/rut/compiler/rir_builder.h:418:20: warning: '__COUNTER__' is a C2y extension [-Wc2y-extensions]
  418 |         auto* ty = TRY(make_type(TypeKind::I64));
      |                    ^
/home/hurricane/private/code/Rut/include/core/expected.h:450:34: note: expanded from macro 'TRY'
  450 | #define TRY(expr) TRY_IMPL(expr, __COUNTER__)
      |                                  ^
In file included from /home/hurricane/private/code/Rut/tests/test_integration.cc:11:
/home/hurricane/private/code/Rut/include/rut/compiler/rir_builder.h:419:28: warning: '__COUNTER__' is a C2y extension [-Wc2y-extensions]
  419 |         auto [inst, vid] = TRY(emit(Opcode::ConstI64, ty, loc));
      |                            ^
/home/hurricane/private/code/Rut/include/core/expected.h:450:34: note: expanded from macro 'TRY'
  450 | #define TRY(expr) TRY_IMPL(expr, __COUNTER__)
      |                                  ^
In file included from /home/hurricane/private/code/Rut/tests/test_integration.cc:11:
/home/hurricane/private/code/Rut/include/rut/compiler/rir_builder.h:425:20: warning: '__COUNTER__' is a C2y extension [-Wc2y-extensions]
  425 |         auto* ty = TRY(make_type(TypeKind::Bool));
      |                    ^
/home/hurricane/private/code/Rut/include/core/expected.h:450:34: note: expanded from macro 'TRY'
  450 | #define TRY(expr) TRY_IMPL(expr, __COUNTER__)
      |                                  ^
In file included from /home/hurricane/private/code/Rut/tests/test_integration.cc:11:
/home/hurricane/private/code/Rut/include/rut/compiler/rir_builder.h:426:28: warning: '__COUNTER__' is a C2y extension [-Wc2y-extensions]
  426 |         auto [inst, vid] = TRY(emit(Opcode::ConstBool, ty, loc));
      |                            ^
/home/hurricane/private/code/Rut/include/core/expected.h:450:34: note: expanded from macro 'TRY'
  450 | #define TRY(expr) TRY_IMPL(expr, __COUNTER__)
      |                                  ^
In file included from /home/hurricane/private/code/Rut/tests/test_integration.cc:11:
/home/hurricane/private/code/Rut/include/rut/compiler/rir_builder.h:432:20: warning: '__COUNTER__' is a C2y extension [-Wc2y-extensions]
  432 |         auto* ty = TRY(make_type(TypeKind::Duration));
      |                    ^
/home/hurricane/private/code/Rut/include/core/expected.h:450:34: note: expanded from macro 'TRY'
  450 | #define TRY(expr) TRY_IMPL(expr, __COUNTER__)
      |                                  ^
In file included from /home/hurricane/private/code/Rut/tests/test_integration.cc:11:
/home/hurricane/private/code/Rut/include/rut/compiler/rir_builder.h:433:28: warning: '__COUNTER__' is a C2y extension [-Wc2y-extensions]
  433 |         auto [inst, vid] = TRY(emit(Opcode::ConstDuration, ty, loc));
      |                            ^
/home/hurricane/private/code/Rut/include/core/expected.h:450:34: note: expanded from macro 'TRY'
  450 | #define TRY(expr) TRY_IMPL(expr, __COUNTER__)
      |                                  ^
In file included from /home/hurricane/private/code/Rut/tests/test_integration.cc:11:
/home/hurricane/private/code/Rut/include/rut/compiler/rir_builder.h:439:20: warning: '__COUNTER__' is a C2y extension [-Wc2y-extensions]
  439 |         auto* ty = TRY(make_type(TypeKind::ByteSize));
      |                    ^
/home/hurricane/private/code/Rut/include/core/expected.h:450:34: note: expanded from macro 'TRY'
  450 | #define TRY(expr) TRY_IMPL(expr, __COUNTER__)
      |                                  ^
In file included from /home/hurricane/private/code/Rut/tests/test_integration.cc:11:
/home/hurricane/private/code/Rut/include/rut/compiler/rir_builder.h:440:28: warning: '__COUNTER__' is a C2y extension [-Wc2y-extensions]
  440 |         auto [inst, vid] = TRY(emit(Opcode::ConstByteSize, ty, loc));
      |                            ^
/home/hurricane/private/code/Rut/include/core/expected.h:450:34: note: expanded from macro 'TRY'
  450 | #define TRY(expr) TRY_IMPL(expr, __COUNTER__)
      |                                  ^
In file included from /home/hurricane/private/code/Rut/tests/test_integration.cc:11:
/home/hurricane/private/code/Rut/include/rut/compiler/rir_builder.h:446:20: warning: '__COUNTER__' is a C2y extension [-Wc2y-extensions]
  446 |         auto* ty = TRY(make_type(TypeKind::Method));
      |                    ^
/home/hurricane/private/code/Rut/include/core/expected.h:450:34: note: expanded from macro 'TRY'
  450 | #define TRY(expr) TRY_IMPL(expr, __COUNTER__)
      |                                  ^
In file included from /home/hurricane/private/code/Rut/tests/test_integration.cc:11:
/home/hurricane/private/code/Rut/include/rut/compiler/rir_builder.h:447:28: warning: '__COUNTER__' is a C2y extension [-Wc2y-extensions]
  447 |         auto [inst, vid] = TRY(emit(Opcode::ConstMethod, ty, loc));
      |                            ^
/home/hurricane/private/code/Rut/include/core/expected.h:450:34: note: expanded from macro 'TRY'
  450 | #define TRY(expr) TRY_IMPL(expr, __COUNTER__)
      |                                  ^
In file included from /home/hurricane/private/code/Rut/tests/test_integration.cc:11:
/home/hurricane/private/code/Rut/include/rut/compiler/rir_builder.h:453:20: warning: '__COUNTER__' is a C2y extension [-Wc2y-extensions]
  453 |         auto* ty = TRY(make_type(TypeKind::StatusCode));
      |                    ^
/home/hurricane/private/code/Rut/include/core/expected.h:450:34: note: expanded from macro 'TRY'
  450 | #define TRY(expr) TRY_IMPL(expr, __COUNTER__)
      |                                  ^
In file included from /home/hurricane/private/code/Rut/tests/test_integration.cc:11:
/home/hurricane/private/code/Rut/include/rut/compiler/rir_builder.h:454:28: warning: '__COUNTER__' is a C2y extension [-Wc2y-extensions]
  454 |         auto [inst, vid] = TRY(emit(Opcode::ConstStatus, ty, loc));
      |                            ^
/home/hurricane/private/code/Rut/include/core/expected.h:450:34: note: expanded from macro 'TRY'
  450 | #define TRY(expr) TRY_IMPL(expr, __COUNTER__)
      |                                  ^
In file included from /home/hurricane/private/code/Rut/tests/test_integration.cc:11:
/home/hurricane/private/code/Rut/include/rut/compiler/rir_builder.h:462:23: warning: '__COUNTER__' is a C2y extension [-Wc2y-extensions]
  462 |         auto* inner = TRY(make_type(TypeKind::Str));
      |                       ^
/home/hurricane/private/code/Rut/include/core/expected.h:450:34: note: expanded from macro 'TRY'
  450 | #define TRY(expr) TRY_IMPL(expr, __COUNTER__)
      |                                  ^
In file included from /home/hurricane/private/code/Rut/tests/test_integration.cc:11:
/home/hurricane/private/code/Rut/include/rut/compiler/rir_builder.h:463:20: warning: '__COUNTER__' is a C2y extension [-Wc2y-extensions]
  463 |         auto* ty = TRY(make_type(TypeKind::Optional, inner));
      |                    ^
/home/hurricane/private/code/Rut/include/core/expected.h:450:34: note: expanded from macro 'TRY'
  450 | #define TRY(expr) TRY_IMPL(expr, __COUNTER__)
      |                                  ^
In file included from /home/hurricane/private/code/Rut/tests/test_integration.cc:11:
/home/hurricane/private/code/Rut/include/rut/compiler/rir_builder.h:464:28: warning: '__COUNTER__' is a C2y extension [-Wc2y-extensions]
  464 |         auto [inst, vid] = TRY(emit(Opcode::ReqHeader, ty, loc));
      |                            ^
/home/hurricane/private/code/Rut/include/core/expected.h:450:34: note: expanded from macro 'TRY'
  450 | #define TRY(expr) TRY_IMPL(expr, __COUNTER__)
      |                                  ^
In file included from /home/hurricane/private/code/Rut/tests/test_integration.cc:11:
/home/hurricane/private/code/Rut/include/rut/compiler/rir_builder.h:470:20: warning: '__COUNTER__' is a C2y extension [-Wc2y-extensions]
  470 |         auto* ty = TRY(make_type(TypeKind::Str));
      |                    ^
/home/hurricane/private/code/Rut/include/core/expected.h:450:34: note: expanded from macro 'TRY'
  450 | #define TRY(expr) TRY_IMPL(expr, __COUNTER__)
      |                                  ^
In file included from /home/hurricane/private/code/Rut/tests/test_integration.cc:11:
/home/hurricane/private/code/Rut/include/rut/compiler/rir_builder.h:471:28: warning: '__COUNTER__' is a C2y extension [-Wc2y-extensions]
  471 |         auto [inst, vid] = TRY(emit(Opcode::ReqParam, ty, loc));
      |                            ^
/home/hurricane/private/code/Rut/include/core/expected.h:450:34: note: expanded from macro 'TRY'
  450 | #define TRY(expr) TRY_IMPL(expr, __COUNTER__)
      |                                  ^
In file included from /home/hurricane/private/code/Rut/tests/test_integration.cc:11:
/home/hurricane/private/code/Rut/include/rut/compiler/rir_builder.h:477:20: warning: '__COUNTER__' is a C2y extension [-Wc2y-extensions]
  477 |         auto* ty = TRY(make_type(TypeKind::Method));
      |                    ^
/home/hurricane/private/code/Rut/include/core/expected.h:450:34: note: expanded from macro 'TRY'
  450 | #define TRY(expr) TRY_IMPL(expr, __COUNTER__)
      |                                  ^
In file included from /home/hurricane/private/code/Rut/tests/test_integration.cc:11:
/home/hurricane/private/code/Rut/include/rut/compiler/rir_builder.h:478:16: warning: '__COUNTER__' is a C2y extension [-Wc2y-extensions]
  478 |         return TRY(emit(Opcode::ReqMethod, ty, loc)).vid;
      |                ^
/home/hurricane/private/code/Rut/include/core/expected.h:450:34: note: expanded from macro 'TRY'
  450 | #define TRY(expr) TRY_IMPL(expr, __COUNTER__)
      |                                  ^
In file included from /home/hurricane/private/code/Rut/tests/test_integration.cc:11:
/home/hurricane/private/code/Rut/include/rut/compiler/rir_builder.h:482:20: warning: '__COUNTER__' is a C2y extension [-Wc2y-extensions]
  482 |         auto* ty = TRY(make_type(TypeKind::Str));
      |                    ^
/home/hurricane/private/code/Rut/include/core/expected.h:450:34: note: expanded from macro 'TRY'
  450 | #define TRY(expr) TRY_IMPL(expr, __COUNTER__)
      |                                  ^
In file included from /home/hurricane/private/code/Rut/tests/test_integration.cc:11:
/home/hurricane/private/code/Rut/include/rut/compiler/rir_builder.h:483:16: warning: '__COUNTER__' is a C2y extension [-Wc2y-extensions]
  483 |         return TRY(emit(Opcode::ReqPath, ty, loc)).vid;
      |                ^
/home/hurricane/private/code/Rut/include/core/expected.h:450:34: note: expanded from macro 'TRY'
  450 | #define TRY(expr) TRY_IMPL(expr, __COUNTER__)
      |                                  ^
In file included from /home/hurricane/private/code/Rut/tests/test_integration.cc:11:
/home/hurricane/private/code/Rut/include/rut/compiler/rir_builder.h:487:20: warning: '__COUNTER__' is a C2y extension [-Wc2y-extensions]
  487 |         auto* ty = TRY(make_type(TypeKind::Str));
      |                    ^
/home/hurricane/private/code/Rut/include/core/expected.h:450:34: note: expanded from macro 'TRY'
  450 | #define TRY(expr) TRY_IMPL(expr, __COUNTER__)
      |                                  ^
In file included from /home/hurricane/private/code/Rut/tests/test_integration.cc:11:
/home/hurricane/private/code/Rut/include/rut/compiler/rir_builder.h:488:16: warning: '__COUNTER__' is a C2y extension [-Wc2y-extensions]
  488 |         return TRY(emit(Opcode::ReqPathOnly, ty, loc)).vid;
      |                ^
/home/hurricane/private/code/Rut/include/core/expected.h:450:34: note: expanded from macro 'TRY'
  450 | #define TRY(expr) TRY_IMPL(expr, __COUNTER__)
      |                                  ^
In file included from /home/hurricane/private/code/Rut/tests/test_integration.cc:11:
/home/hurricane/private/code/Rut/include/rut/compiler/rir_builder.h:492:20: warning: '__COUNTER__' is a C2y extension [-Wc2y-extensions]
  492 |         auto* ty = TRY(make_type(TypeKind::Str));
      |                    ^
/home/hurricane/private/code/Rut/include/core/expected.h:450:34: note: expanded from macro 'TRY'
  450 | #define TRY(expr) TRY_IMPL(expr, __COUNTER__)
      |                                  ^
In file included from /home/hurricane/private/code/Rut/tests/test_integration.cc:11:
/home/hurricane/private/code/Rut/include/rut/compiler/rir_builder.h:493:16: warning: '__COUNTER__' is a C2y extension [-Wc2y-extensions]
  493 |         return TRY(emit(Opcode::ReqBody, ty, loc)).vid;
      |                ^
/home/hurricane/private/code/Rut/include/core/expected.h:450:34: note: expanded from macro 'TRY'
  450 | #define TRY(expr) TRY_IMPL(expr, __COUNTER__)
      |                                  ^
In file included from /home/hurricane/private/code/Rut/tests/test_integration.cc:11:
/home/hurricane/private/code/Rut/include/rut/compiler/rir_builder.h:497:20: warning: '__COUNTER__' is a C2y extension [-Wc2y-extensions]
  497 |         auto* ty = TRY(make_type(TypeKind::Bool));
      |                    ^
/home/hurricane/private/code/Rut/include/core/expected.h:450:34: note: expanded from macro 'TRY'
  450 | #define TRY(expr) TRY_IMPL(expr, __COUNTER__)
      |                                  ^
In file included from /home/hurricane/private/code/Rut/tests/test_integration.cc:11:
/home/hurricane/private/code/Rut/include/rut/compiler/rir_builder.h:498:16: warning: '__COUNTER__' is a C2y extension [-Wc2y-extensions]
  498 |         return TRY(emit(Opcode::ReqKeepAlive, ty, loc)).vid;
      |                ^
/home/hurricane/private/code/Rut/include/core/expected.h:450:34: note: expanded from macro 'TRY'
  450 | #define TRY(expr) TRY_IMPL(expr, __COUNTER__)
      |                                  ^
In file included from /home/hurricane/private/code/Rut/tests/test_integration.cc:11:
/home/hurricane/private/code/Rut/include/rut/compiler/rir_builder.h:502:20: warning: '__COUNTER__' is a C2y extension [-Wc2y-extensions]
  502 |         auto* ty = TRY(make_type(TypeKind::Bool));
      |                    ^
/home/hurricane/private/code/Rut/include/core/expected.h:450:34: note: expanded from macro 'TRY'
  450 | #define TRY(expr) TRY_IMPL(expr, __COUNTER__)
      |                                  ^
In file included from /home/hurricane/private/code/Rut/tests/test_integration.cc:11:
/home/hurricane/private/code/Rut/include/rut/compiler/rir_builder.h:503:16: warning: '__COUNTER__' is a C2y extension [-Wc2y-extensions]
  503 |         return TRY(emit(Opcode::ReqChunked, ty, loc)).vid;
      |                ^
/home/hurricane/private/code/Rut/include/core/expected.h:450:34: note: expanded from macro 'TRY'
  450 | #define TRY(expr) TRY_IMPL(expr, __COUNTER__)
      |                                  ^
In file included from /home/hurricane/private/code/Rut/tests/test_integration.cc:11:
/home/hurricane/private/code/Rut/include/rut/compiler/rir_builder.h:507:20: warning: '__COUNTER__' is a C2y extension [-Wc2y-extensions]
  507 |         auto* ty = TRY(make_type(TypeKind::Bool));
      |                    ^
/home/hurricane/private/code/Rut/include/core/expected.h:450:34: note: expanded from macro 'TRY'
  450 | #define TRY(expr) TRY_IMPL(expr, __COUNTER__)
      |                                  ^
In file included from /home/hurricane/private/code/Rut/tests/test_integration.cc:11:
/home/hurricane/private/code/Rut/include/rut/compiler/rir_builder.h:508:16: warning: '__COUNTER__' is a C2y extension [-Wc2y-extensions]
  508 |         return TRY(emit(Opcode::ReqHasContentLength, ty, loc)).vid;
      |                ^
/home/hurricane/private/code/Rut/include/core/expected.h:450:34: note: expanded from macro 'TRY'
  450 | #define TRY(expr) TRY_IMPL(expr, __COUNTER__)
      |                                  ^
In file included from /home/hurricane/private/code/Rut/tests/test_integration.cc:11:
/home/hurricane/private/code/Rut/include/rut/compiler/rir_builder.h:512:20: warning: '__COUNTER__' is a C2y extension [-Wc2y-extensions]
  512 |         auto* ty = TRY(make_type(TypeKind::Bool));
      |                    ^
/home/hurricane/private/code/Rut/include/core/expected.h:450:34: note: expanded from macro 'TRY'
  450 | #define TRY(expr) TRY_IMPL(expr, __COUNTER__)
      |                                  ^
In file included from /home/hurricane/private/code/Rut/tests/test_integration.cc:11:
/home/hurricane/private/code/Rut/include/rut/compiler/rir_builder.h:513:16: warning: '__COUNTER__' is a C2y extension [-Wc2y-extensions]
  513 |         return TRY(emit(Opcode::ReqHttp10, ty, loc)).vid;
      |                ^
/home/hurricane/private/code/Rut/include/core/expected.h:450:34: note: expanded from macro 'TRY'
  450 | #define TRY(expr) TRY_IMPL(expr, __COUNTER__)
      |                                  ^
In file included from /home/hurricane/private/code/Rut/tests/test_integration.cc:11:
/home/hurricane/private/code/Rut/include/rut/compiler/rir_builder.h:517:20: warning: '__COUNTER__' is a C2y extension [-Wc2y-extensions]
  517 |         auto* ty = TRY(make_type(TypeKind::Bool));
      |                    ^
/home/hurricane/private/code/Rut/include/core/expected.h:450:34: note: expanded from macro 'TRY'
  450 | #define TRY(expr) TRY_IMPL(expr, __COUNTER__)
      |                                  ^
In file included from /home/hurricane/private/code/Rut/tests/test_integration.cc:11:
/home/hurricane/private/code/Rut/include/rut/compiler/rir_builder.h:518:16: warning: '__COUNTER__' is a C2y extension [-Wc2y-extensions]
  518 |         return TRY(emit(Opcode::ReqHttp11, ty, loc)).vid;
      |                ^
/home/hurricane/private/code/Rut/include/core/expected.h:450:34: note: expanded from macro 'TRY'
  450 | #define TRY(expr) TRY_IMPL(expr, __COUNTER__)
      |                                  ^
In file included from /home/hurricane/private/code/Rut/tests/test_integration.cc:11:
/home/hurricane/private/code/Rut/include/rut/compiler/rir_builder.h:522:20: warning: '__COUNTER__' is a C2y extension [-Wc2y-extensions]
  522 |         auto* ty = TRY(make_type(TypeKind::Str));
      |                    ^
/home/hurricane/private/code/Rut/include/core/expected.h:450:34: note: expanded from macro 'TRY'
  450 | #define TRY(expr) TRY_IMPL(expr, __COUNTER__)
      |                                  ^
In file included from /home/hurricane/private/code/Rut/tests/test_integration.cc:11:
/home/hurricane/private/code/Rut/include/rut/compiler/rir_builder.h:523:16: warning: '__COUNTER__' is a C2y extension [-Wc2y-extensions]
  523 |         return TRY(emit(Opcode::ReqHttpVersion, ty, loc)).vid;
      |                ^
/home/hurricane/private/code/Rut/include/core/expected.h:450:34: note: expanded from macro 'TRY'
  450 | #define TRY(expr) TRY_IMPL(expr, __COUNTER__)
      |                                  ^
In file included from /home/hurricane/private/code/Rut/tests/test_integration.cc:11:
/home/hurricane/private/code/Rut/include/rut/compiler/rir_builder.h:527:20: warning: '__COUNTER__' is a C2y extension [-Wc2y-extensions]
  527 |         auto* ty = TRY(make_type(TypeKind::I32));
      |                    ^
/home/hurricane/private/code/Rut/include/core/expected.h:450:34: note: expanded from macro 'TRY'
  450 | #define TRY(expr) TRY_IMPL(expr, __COUNTER__)
      |                                  ^
In file included from /home/hurricane/private/code/Rut/tests/test_integration.cc:11:
/home/hurricane/private/code/Rut/include/rut/compiler/rir_builder.h:528:16: warning: '__COUNTER__' is a C2y extension [-Wc2y-extensions]
  528 |         return TRY(emit(Opcode::ResumeEventKind, ty, loc)).vid;
      |                ^
/home/hurricane/private/code/Rut/include/core/expected.h:450:34: note: expanded from macro 'TRY'
  450 | #define TRY(expr) TRY_IMPL(expr, __COUNTER__)
      |                                  ^
In file included from /home/hurricane/private/code/Rut/tests/test_integration.cc:11:
/home/hurricane/private/code/Rut/include/rut/compiler/rir_builder.h:532:20: warning: '__COUNTER__' is a C2y extension [-Wc2y-extensions]
  532 |         auto* ty = TRY(make_type(TypeKind::I32));
      |                    ^
/home/hurricane/private/code/Rut/include/core/expected.h:450:34: note: expanded from macro 'TRY'
  450 | #define TRY(expr) TRY_IMPL(expr, __COUNTER__)
      |                                  ^
In file included from /home/hurricane/private/code/Rut/tests/test_integration.cc:11:
/home/hurricane/private/code/Rut/include/rut/compiler/rir_builder.h:533:16: warning: '__COUNTER__' is a C2y extension [-Wc2y-extensions]
  533 |         return TRY(emit(Opcode::ResumeEventResult, ty, loc)).vid;
      |                ^
/home/hurricane/private/code/Rut/include/core/expected.h:450:34: note: expanded from macro 'TRY'
  450 | #define TRY(expr) TRY_IMPL(expr, __COUNTER__)
      |                                  ^
In file included from /home/hurricane/private/code/Rut/tests/test_integration.cc:11:
/home/hurricane/private/code/Rut/include/rut/compiler/rir_builder.h:537:20: warning: '__COUNTER__' is a C2y extension [-Wc2y-extensions]
  537 |         auto* ty = TRY(make_type(TypeKind::I32));
      |                    ^
/home/hurricane/private/code/Rut/include/core/expected.h:450:34: note: expanded from macro 'TRY'
  450 | #define TRY(expr) TRY_IMPL(expr, __COUNTER__)
      |                                  ^
In file included from /home/hurricane/private/code/Rut/tests/test_integration.cc:11:
/home/hurricane/private/code/Rut/include/rut/compiler/rir_builder.h:538:28: warning: '__COUNTER__' is a C2y extension [-Wc2y-extensions]
  538 |         auto [inst, vid] = TRY(emit(Opcode::CtxLoadSlotI32, ty, loc));
      |                            ^
/home/hurricane/private/code/Rut/include/core/expected.h:450:34: note: expanded from macro 'TRY'
  450 | #define TRY(expr) TRY_IMPL(expr, __COUNTER__)
      |                                  ^
In file included from /home/hurricane/private/code/Rut/tests/test_integration.cc:11:
/home/hurricane/private/code/Rut/include/rut/compiler/rir_builder.h:544:20: warning: '__COUNTER__' is a C2y extension [-Wc2y-extensions]
  544 |         auto* ty = TRY(make_type(TypeKind::IP));
      |                    ^
/home/hurricane/private/code/Rut/include/core/expected.h:450:34: note: expanded from macro 'TRY'
  450 | #define TRY(expr) TRY_IMPL(expr, __COUNTER__)
      |                                  ^
In file included from /home/hurricane/private/code/Rut/tests/test_integration.cc:11:
/home/hurricane/private/code/Rut/include/rut/compiler/rir_builder.h:545:16: warning: '__COUNTER__' is a C2y extension [-Wc2y-extensions]
  545 |         return TRY(emit(Opcode::ReqRemoteAddr, ty, loc)).vid;
      |                ^
/home/hurricane/private/code/Rut/include/core/expected.h:450:34: note: expanded from macro 'TRY'
  450 | #define TRY(expr) TRY_IMPL(expr, __COUNTER__)
      |                                  ^
In file included from /home/hurricane/private/code/Rut/tests/test_integration.cc:11:
/home/hurricane/private/code/Rut/include/rut/compiler/rir_builder.h:549:20: warning: '__COUNTER__' is a C2y extension [-Wc2y-extensions]
  549 |         auto* ty = TRY(make_type(TypeKind::ByteSize));
      |                    ^
/home/hurricane/private/code/Rut/include/core/expected.h:450:34: note: expanded from macro 'TRY'
  450 | #define TRY(expr) TRY_IMPL(expr, __COUNTER__)
      |                                  ^
In file included from /home/hurricane/private/code/Rut/tests/test_integration.cc:11:
/home/hurricane/private/code/Rut/include/rut/compiler/rir_builder.h:550:16: warning: '__COUNTER__' is a C2y extension [-Wc2y-extensions]
  550 |         return TRY(emit(Opcode::ReqContentLength, ty, loc)).vid;
      |                ^
/home/hurricane/private/code/Rut/include/core/expected.h:450:34: note: expanded from macro 'TRY'
  450 | #define TRY(expr) TRY_IMPL(expr, __COUNTER__)
      |                                  ^
In file included from /home/hurricane/private/code/Rut/tests/test_integration.cc:11:
/home/hurricane/private/code/Rut/include/rut/compiler/rir_builder.h:554:23: warning: '__COUNTER__' is a C2y extension [-Wc2y-extensions]
  554 |         auto* inner = TRY(make_type(TypeKind::Str));
      |                       ^
/home/hurricane/private/code/Rut/include/core/expected.h:450:34: note: expanded from macro 'TRY'
  450 | #define TRY(expr) TRY_IMPL(expr, __COUNTER__)
      |                                  ^
In file included from /home/hurricane/private/code/Rut/tests/test_integration.cc:11:
/home/hurricane/private/code/Rut/include/rut/compiler/rir_builder.h:555:20: warning: '__COUNTER__' is a C2y extension [-Wc2y-extensions]
  555 |         auto* ty = TRY(make_type(TypeKind::Optional, inner));
      |                    ^
/home/hurricane/private/code/Rut/include/core/expected.h:450:34: note: expanded from macro 'TRY'
  450 | #define TRY(expr) TRY_IMPL(expr, __COUNTER__)
      |                                  ^
In file included from /home/hurricane/private/code/Rut/tests/test_integration.cc:11:
/home/hurricane/private/code/Rut/include/rut/compiler/rir_builder.h:556:28: warning: '__COUNTER__' is a C2y extension [-Wc2y-extensions]
  556 |         auto [inst, vid] = TRY(emit(Opcode::ReqCookie, ty, loc));
      |                            ^
/home/hurricane/private/code/Rut/include/core/expected.h:450:34: note: expanded from macro 'TRY'
  450 | #define TRY(expr) TRY_IMPL(expr, __COUNTER__)
      |                                  ^
In file included from /home/hurricane/private/code/Rut/tests/test_integration.cc:11:
/home/hurricane/private/code/Rut/include/rut/compiler/rir_builder.h:562:23: warning: '__COUNTER__' is a C2y extension [-Wc2y-extensions]
  562 |         auto* inner = TRY(make_type(TypeKind::Str));
      |                       ^
/home/hurricane/private/code/Rut/include/core/expected.h:450:34: note: expanded from macro 'TRY'
  450 | #define TRY(expr) TRY_IMPL(expr, __COUNTER__)
      |                                  ^
In file included from /home/hurricane/private/code/Rut/tests/test_integration.cc:11:
/home/hurricane/private/code/Rut/include/rut/compiler/rir_builder.h:563:20: warning: '__COUNTER__' is a C2y extension [-Wc2y-extensions]
  563 |         auto* ty = TRY(make_type(TypeKind::Optional, inner));
      |                    ^
/home/hurricane/private/code/Rut/include/core/expected.h:450:34: note: expanded from macro 'TRY'
  450 | #define TRY(expr) TRY_IMPL(expr, __COUNTER__)
      |                                  ^
In file included from /home/hurricane/private/code/Rut/tests/test_integration.cc:11:
/home/hurricane/private/code/Rut/include/rut/compiler/rir_builder.h:564:28: warning: '__COUNTER__' is a C2y extension [-Wc2y-extensions]
  564 |         auto [inst, vid] = TRY(emit(Opcode::ReqQuery, ty, loc));
      |                            ^
/home/hurricane/private/code/Rut/include/core/expected.h:450:34: note: expanded from macro 'TRY'
  450 | #define TRY(expr) TRY_IMPL(expr, __COUNTER__)
      |                                  ^
In file included from /home/hurricane/private/code/Rut/tests/test_integration.cc:11:
/home/hurricane/private/code/Rut/include/rut/compiler/rir_builder.h:570:23: warning: '__COUNTER__' is a C2y extension [-Wc2y-extensions]
  570 |         auto* inner = TRY(make_type(TypeKind::Str));
      |                       ^
/home/hurricane/private/code/Rut/include/core/expected.h:450:34: note: expanded from macro 'TRY'
  450 | #define TRY(expr) TRY_IMPL(expr, __COUNTER__)
      |                                  ^
In file included from /home/hurricane/private/code/Rut/tests/test_integration.cc:11:
/home/hurricane/private/code/Rut/include/rut/compiler/rir_builder.h:571:20: warning: '__COUNTER__' is a C2y extension [-Wc2y-extensions]
  571 |         auto* ty = TRY(make_type(TypeKind::Optional, inner));
      |                    ^
/home/hurricane/private/code/Rut/include/core/expected.h:450:34: note: expanded from macro 'TRY'
  450 | #define TRY(expr) TRY_IMPL(expr, __COUNTER__)
      |                                  ^
In file included from /home/hurricane/private/code/Rut/tests/test_integration.cc:11:
/home/hurricane/private/code/Rut/include/rut/compiler/rir_builder.h:572:16: warning: '__COUNTER__' is a C2y extension [-Wc2y-extensions]
  572 |         return TRY(emit(Opcode::ReqQueryString, ty, loc)).vid;
      |                ^
/home/hurricane/private/code/Rut/include/core/expected.h:450:34: note: expanded from macro 'TRY'
  450 | #define TRY(expr) TRY_IMPL(expr, __COUNTER__)
      |                                  ^
In file included from /home/hurricane/private/code/Rut/tests/test_integration.cc:11:
/home/hurricane/private/code/Rut/include/rut/compiler/rir_builder.h:579:18: warning: '__COUNTER__' is a C2y extension [-Wc2y-extensions]
  579 |         auto r = TRY(emit(Opcode::ReqSetHeader, nullptr, loc));
      |                  ^
/home/hurricane/private/code/Rut/include/core/expected.h:450:34: note: expanded from macro 'TRY'
  450 | #define TRY(expr) TRY_IMPL(expr, __COUNTER__)
      |                                  ^
In file included from /home/hurricane/private/code/Rut/tests/test_integration.cc:11:
/home/hurricane/private/code/Rut/include/rut/compiler/rir_builder.h:588:18: warning: '__COUNTER__' is a C2y extension [-Wc2y-extensions]
  588 |         auto r = TRY(emit(Opcode::ReqAddHeader, nullptr, loc));
      |                  ^
/home/hurricane/private/code/Rut/include/core/expected.h:450:34: note: expanded from macro 'TRY'
  450 | #define TRY(expr) TRY_IMPL(expr, __COUNTER__)
      |                                  ^
In file included from /home/hurricane/private/code/Rut/tests/test_integration.cc:11:
/home/hurricane/private/code/Rut/include/rut/compiler/rir_builder.h:600:23: warning: '__COUNTER__' is a C2y extension [-Wc2y-extensions]
  600 |         auto* inner = TRY(make_type(TypeKind::Str));
      |                       ^
/home/hurricane/private/code/Rut/include/core/expected.h:450:34: note: expanded from macro 'TRY'
  450 | #define TRY(expr) TRY_IMPL(expr, __COUNTER__)
      |                                  ^
In file included from /home/hurricane/private/code/Rut/tests/test_integration.cc:11:
/home/hurricane/private/code/Rut/include/rut/compiler/rir_builder.h:601:20: warning: '__COUNTER__' is a C2y extension [-Wc2y-extensions]
  601 |         auto* ty = TRY(make_type(TypeKind::Optional, inner));
      |                    ^
/home/hurricane/private/code/Rut/include/core/expected.h:450:34: note: expanded from macro 'TRY'
  450 | #define TRY(expr) TRY_IMPL(expr, __COUNTER__)
      |                                  ^
In file included from /home/hurricane/private/code/Rut/tests/test_integration.cc:11:
/home/hurricane/private/code/Rut/include/rut/compiler/rir_builder.h:602:18: warning: '__COUNTER__' is a C2y extension [-Wc2y-extensions]
  602 |         auto r = TRY(emit(Opcode::RespHeader, ty, loc));
      |                  ^
/home/hurricane/private/code/Rut/include/core/expected.h:450:34: note: expanded from macro 'TRY'
  450 | #define TRY(expr) TRY_IMPL(expr, __COUNTER__)
      |                                  ^
In file included from /home/hurricane/private/code/Rut/tests/test_integration.cc:11:
/home/hurricane/private/code/Rut/include/rut/compiler/rir_builder.h:611:18: warning: '__COUNTER__' is a C2y extension [-Wc2y-extensions]
  611 |         auto r = TRY(emit(Opcode::RespSetHeader, nullptr, loc));
      |                  ^
/home/hurricane/private/code/Rut/include/core/expected.h:450:34: note: expanded from macro 'TRY'
  450 | #define TRY(expr) TRY_IMPL(expr, __COUNTER__)
      |                                  ^
In file included from /home/hurricane/private/code/Rut/tests/test_integration.cc:11:
/home/hurricane/private/code/Rut/include/rut/compiler/rir_builder.h:620:18: warning: '__COUNTER__' is a C2y extension [-Wc2y-extensions]
  620 |         auto r = TRY(emit(Opcode::RespAddHeader, nullptr, loc));
      |                  ^
/home/hurricane/private/code/Rut/include/core/expected.h:450:34: note: expanded from macro 'TRY'
  450 | #define TRY(expr) TRY_IMPL(expr, __COUNTER__)
      |                                  ^
In file included from /home/hurricane/private/code/Rut/tests/test_integration.cc:11:
/home/hurricane/private/code/Rut/include/rut/compiler/rir_builder.h:628:18: warning: '__COUNTER__' is a C2y extension [-Wc2y-extensions]
  628 |         auto r = TRY(emit(Opcode::RespRemoveHeader, nullptr, loc));
      |                  ^
/home/hurricane/private/code/Rut/include/core/expected.h:450:34: note: expanded from macro 'TRY'
  450 | #define TRY(expr) TRY_IMPL(expr, __COUNTER__)
      |                                  ^
In file included from /home/hurricane/private/code/Rut/tests/test_integration.cc:11:
/home/hurricane/private/code/Rut/include/rut/compiler/rir_builder.h:634:9: warning: '__COUNTER__' is a C2y extension [-Wc2y-extensions]
  634 |         TRY_VOID(emit(Opcode::RespCommitHeaders, nullptr, loc));
      |         ^
/home/hurricane/private/code/Rut/include/core/expected.h:453:44: note: expanded from macro 'TRY_VOID'
  453 | #define TRY_VOID(expr) TRY_VOID_IMPL(expr, __COUNTER__)
      |                                            ^
In file included from /home/hurricane/private/code/Rut/tests/test_integration.cc:11:
/home/hurricane/private/code/Rut/include/rut/compiler/rir_builder.h:640:18: warning: '__COUNTER__' is a C2y extension [-Wc2y-extensions]
  640 |         auto r = TRY(emit(Opcode::ReqSetPath, nullptr, loc));
      |                  ^
/home/hurricane/private/code/Rut/include/core/expected.h:450:34: note: expanded from macro 'TRY'
  450 | #define TRY(expr) TRY_IMPL(expr, __COUNTER__)
      |                                  ^
In file included from /home/hurricane/private/code/Rut/tests/test_integration.cc:11:
/home/hurricane/private/code/Rut/include/rut/compiler/rir_builder.h:649:18: warning: '__COUNTER__' is a C2y extension [-Wc2y-extensions]
  649 |         auto r = TRY(emit(Opcode::ReqSetTargetTransform, nullptr, loc));
      |                  ^
/home/hurricane/private/code/Rut/include/core/expected.h:450:34: note: expanded from macro 'TRY'
  450 | #define TRY(expr) TRY_IMPL(expr, __COUNTER__)
      |                                  ^
In file included from /home/hurricane/private/code/Rut/tests/test_integration.cc:11:
/home/hurricane/private/code/Rut/include/rut/compiler/rir_builder.h:656:18: warning: '__COUNTER__' is a C2y extension [-Wc2y-extensions]
  656 |         auto r = TRY(emit(Opcode::CtxStoreSlotI32, nullptr, loc));
      |                  ^
/home/hurricane/private/code/Rut/include/core/expected.h:450:34: note: expanded from macro 'TRY'
  450 | #define TRY(expr) TRY_IMPL(expr, __COUNTER__)
      |                                  ^
In file included from /home/hurricane/private/code/Rut/tests/test_integration.cc:11:
/home/hurricane/private/code/Rut/include/rut/compiler/rir_builder.h:668:20: warning: '__COUNTER__' is a C2y extension [-Wc2y-extensions]
  668 |         auto* ty = TRY(make_type(TypeKind::Bool));
      |                    ^
/home/hurricane/private/code/Rut/include/core/expected.h:450:34: note: expanded from macro 'TRY'
  450 | #define TRY(expr) TRY_IMPL(expr, __COUNTER__)
      |                                  ^
In file included from /home/hurricane/private/code/Rut/tests/test_integration.cc:11:
/home/hurricane/private/code/Rut/include/rut/compiler/rir_builder.h:669:28: warning: '__COUNTER__' is a C2y extension [-Wc2y-extensions]
  669 |         auto [inst, vid] = TRY(emit(Opcode::StrHasPrefix, ty, loc));
      |                            ^
/home/hurricane/private/code/Rut/include/core/expected.h:450:34: note: expanded from macro 'TRY'
  450 | #define TRY(expr) TRY_IMPL(expr, __COUNTER__)
      |                                  ^
In file included from /home/hurricane/private/code/Rut/tests/test_integration.cc:11:
/home/hurricane/private/code/Rut/include/rut/compiler/rir_builder.h:679:20: warning: '__COUNTER__' is a C2y extension [-Wc2y-extensions]
  679 |         auto* ty = TRY(make_type(TypeKind::Str));
      |                    ^
/home/hurricane/private/code/Rut/include/core/expected.h:450:34: note: expanded from macro 'TRY'
  450 | #define TRY(expr) TRY_IMPL(expr, __COUNTER__)
      |                                  ^
In file included from /home/hurricane/private/code/Rut/tests/test_integration.cc:11:
/home/hurricane/private/code/Rut/include/rut/compiler/rir_builder.h:680:28: warning: '__COUNTER__' is a C2y extension [-Wc2y-extensions]
  680 |         auto [inst, vid] = TRY(emit(Opcode::StrTrimPrefix, ty, loc));
      |                            ^
/home/hurricane/private/code/Rut/include/core/expected.h:450:34: note: expanded from macro 'TRY'
  450 | #define TRY(expr) TRY_IMPL(expr, __COUNTER__)
      |                                  ^
In file included from /home/hurricane/private/code/Rut/tests/test_integration.cc:11:
/home/hurricane/private/code/Rut/include/rut/compiler/rir_builder.h:689:20: warning: '__COUNTER__' is a C2y extension [-Wc2y-extensions]
  689 |         auto* ty = TRY(make_type(TypeKind::Bool));
      |                    ^
/home/hurricane/private/code/Rut/include/core/expected.h:450:34: note: expanded from macro 'TRY'
  450 | #define TRY(expr) TRY_IMPL(expr, __COUNTER__)
      |                                  ^
In file included from /home/hurricane/private/code/Rut/tests/test_integration.cc:11:
/home/hurricane/private/code/Rut/include/rut/compiler/rir_builder.h:690:28: warning: '__COUNTER__' is a C2y extension [-Wc2y-extensions]
  690 |         auto [inst, vid] = TRY(emit(Opcode::StrRegexMatch, ty, loc));
      |                            ^
/home/hurricane/private/code/Rut/include/core/expected.h:450:34: note: expanded from macro 'TRY'
  450 | #define TRY(expr) TRY_IMPL(expr, __COUNTER__)
      |                                  ^
In file included from /home/hurricane/private/code/Rut/tests/test_integration.cc:11:
/home/hurricane/private/code/Rut/include/rut/compiler/rir_builder.h:698:20: warning: '__COUNTER__' is a C2y extension [-Wc2y-extensions]
  698 |         auto* ty = TRY(make_type(TypeKind::Str));
      |                    ^
/home/hurricane/private/code/Rut/include/core/expected.h:450:34: note: expanded from macro 'TRY'
  450 | #define TRY(expr) TRY_IMPL(expr, __COUNTER__)
      |                                  ^
In file included from /home/hurricane/private/code/Rut/tests/test_integration.cc:11:
/home/hurricane/private/code/Rut/include/rut/compiler/rir_builder.h:699:18: warning: '__COUNTER__' is a C2y extension [-Wc2y-extensions]
  699 |         auto r = TRY(emit(Opcode::StrInterpolate, ty, loc));
      |                  ^
/home/hurricane/private/code/Rut/include/core/expected.h:450:34: note: expanded from macro 'TRY'
  450 | #define TRY(expr) TRY_IMPL(expr, __COUNTER__)
      |                                  ^
In file included from /home/hurricane/private/code/Rut/tests/test_integration.cc:11:
/home/hurricane/private/code/Rut/include/rut/compiler/rir_builder.h:740:20: warning: '__COUNTER__' is a C2y extension [-Wc2y-extensions]
  740 |         auto* ty = TRY(make_type(TypeKind::Bool));
      |                    ^
/home/hurricane/private/code/Rut/include/core/expected.h:450:34: note: expanded from macro 'TRY'
  450 | #define TRY(expr) TRY_IMPL(expr, __COUNTER__)
      |                                  ^
In file included from /home/hurricane/private/code/Rut/tests/test_integration.cc:11:
/home/hurricane/private/code/Rut/include/rut/compiler/rir_builder.h:741:28: warning: '__COUNTER__' is a C2y extension [-Wc2y-extensions]
  741 |         auto [inst, vid] = TRY(emit(cmp_op, ty, loc));
      |                            ^
/home/hurricane/private/code/Rut/include/core/expected.h:450:34: note: expanded from macro 'TRY'
  450 | #define TRY(expr) TRY_IMPL(expr, __COUNTER__)
      |                                  ^
In file included from /home/hurricane/private/code/Rut/tests/test_integration.cc:11:
/home/hurricane/private/code/Rut/include/rut/compiler/rir_builder.h:771:20: warning: '__COUNTER__' is a C2y extension [-Wc2y-extensions]
  771 |         auto* ty = TRY(make_type(both_i64 ? TypeKind::I64 : TypeKind::I32));
      |                    ^
/home/hurricane/private/code/Rut/include/core/expected.h:450:34: note: expanded from macro 'TRY'
  450 | #define TRY(expr) TRY_IMPL(expr, __COUNTER__)
      |                                  ^
In file included from /home/hurricane/private/code/Rut/tests/test_integration.cc:11:
/home/hurricane/private/code/Rut/include/rut/compiler/rir_builder.h:772:28: warning: '__COUNTER__' is a C2y extension [-Wc2y-extensions]
  772 |         auto [inst, vid] = TRY(emit(bit_op, ty, loc));
      |                            ^
/home/hurricane/private/code/Rut/include/core/expected.h:450:34: note: expanded from macro 'TRY'
  450 | #define TRY(expr) TRY_IMPL(expr, __COUNTER__)
      |                                  ^
In file included from /home/hurricane/private/code/Rut/tests/test_integration.cc:11:
/home/hurricane/private/code/Rut/include/rut/compiler/rir_builder.h:803:20: warning: '__COUNTER__' is a C2y extension [-Wc2y-extensions]
  803 |         auto* ty = TRY(make_type(both_i64 ? TypeKind::I64 : TypeKind::I32));
      |                    ^
/home/hurricane/private/code/Rut/include/core/expected.h:450:34: note: expanded from macro 'TRY'
  450 | #define TRY(expr) TRY_IMPL(expr, __COUNTER__)
      |                                  ^
In file included from /home/hurricane/private/code/Rut/tests/test_integration.cc:11:
/home/hurricane/private/code/Rut/include/rut/compiler/rir_builder.h:804:28: warning: '__COUNTER__' is a C2y extension [-Wc2y-extensions]
  804 |         auto [inst, vid] = TRY(emit(arith_op, ty, loc));
      |                            ^
/home/hurricane/private/code/Rut/include/core/expected.h:450:34: note: expanded from macro 'TRY'
  450 | #define TRY(expr) TRY_IMPL(expr, __COUNTER__)
      |                                  ^
In file included from /home/hurricane/private/code/Rut/tests/test_integration.cc:11:
/home/hurricane/private/code/Rut/include/rut/compiler/rir_builder.h:813:20: warning: '__COUNTER__' is a C2y extension [-Wc2y-extensions]
  813 |         auto* ty = TRY(make_type(TypeKind::I64));
      |                    ^
/home/hurricane/private/code/Rut/include/core/expected.h:450:34: note: expanded from macro 'TRY'
  450 | #define TRY(expr) TRY_IMPL(expr, __COUNTER__)
      |                                  ^
In file included from /home/hurricane/private/code/Rut/tests/test_integration.cc:11:
/home/hurricane/private/code/Rut/include/rut/compiler/rir_builder.h:814:28: warning: '__COUNTER__' is a C2y extension [-Wc2y-extensions]
  814 |         auto [inst, vid] = TRY(emit(Opcode::SextI64, ty, loc));
      |                            ^
/home/hurricane/private/code/Rut/include/core/expected.h:450:34: note: expanded from macro 'TRY'
  450 | #define TRY(expr) TRY_IMPL(expr, __COUNTER__)
      |                                  ^
In file included from /home/hurricane/private/code/Rut/tests/test_integration.cc:11:
/home/hurricane/private/code/Rut/include/rut/compiler/rir_builder.h:823:20: warning: '__COUNTER__' is a C2y extension [-Wc2y-extensions]
  823 |         auto* ty = TRY(make_type(TypeKind::I64));
      |                    ^
/home/hurricane/private/code/Rut/include/core/expected.h:450:34: note: expanded from macro 'TRY'
  450 | #define TRY(expr) TRY_IMPL(expr, __COUNTER__)
      |                                  ^
In file included from /home/hurricane/private/code/Rut/tests/test_integration.cc:11:
/home/hurricane/private/code/Rut/include/rut/compiler/rir_builder.h:824:16: warning: '__COUNTER__' is a C2y extension [-Wc2y-extensions]
  824 |         return TRY(emit(Opcode::TimeNowMicros, ty, loc)).vid;
      |                ^
/home/hurricane/private/code/Rut/include/core/expected.h:450:34: note: expanded from macro 'TRY'
  450 | #define TRY(expr) TRY_IMPL(expr, __COUNTER__)
      |                                  ^
In file included from /home/hurricane/private/code/Rut/tests/test_integration.cc:11:
/home/hurricane/private/code/Rut/include/rut/compiler/rir_builder.h:829:20: warning: '__COUNTER__' is a C2y extension [-Wc2y-extensions]
  829 |         auto* ty = TRY(make_type(TypeKind::Bool));
      |                    ^
/home/hurricane/private/code/Rut/include/core/expected.h:450:34: note: expanded from macro 'TRY'
  450 | #define TRY(expr) TRY_IMPL(expr, __COUNTER__)
      |                                  ^
In file included from /home/hurricane/private/code/Rut/tests/test_integration.cc:11:
/home/hurricane/private/code/Rut/include/rut/compiler/rir_builder.h:830:28: warning: '__COUNTER__' is a C2y extension [-Wc2y-extensions]
  830 |         auto [inst, vid] = TRY(emit(Opcode::IpInCidr, ty, loc));
      |                            ^
/home/hurricane/private/code/Rut/include/core/expected.h:450:34: note: expanded from macro 'TRY'
  450 | #define TRY(expr) TRY_IMPL(expr, __COUNTER__)
      |                                  ^
In file included from /home/hurricane/private/code/Rut/tests/test_integration.cc:11:
/home/hurricane/private/code/Rut/include/rut/compiler/rir_builder.h:841:20: warning: '__COUNTER__' is a C2y extension [-Wc2y-extensions]
  841 |         auto* ty = TRY(make_type(TypeKind::Optional, inner_type));
      |                    ^
/home/hurricane/private/code/Rut/include/core/expected.h:450:34: note: expanded from macro 'TRY'
  450 | #define TRY(expr) TRY_IMPL(expr, __COUNTER__)
      |                                  ^
In file included from /home/hurricane/private/code/Rut/tests/test_integration.cc:11:
/home/hurricane/private/code/Rut/include/rut/compiler/rir_builder.h:842:16: warning: '__COUNTER__' is a C2y extension [-Wc2y-extensions]
  842 |         return TRY(emit(Opcode::OptNil, ty, loc)).vid;
      |                ^
/home/hurricane/private/code/Rut/include/core/expected.h:450:34: note: expanded from macro 'TRY'
  450 | #define TRY(expr) TRY_IMPL(expr, __COUNTER__)
      |                                  ^
In file included from /home/hurricane/private/code/Rut/tests/test_integration.cc:11:
/home/hurricane/private/code/Rut/include/rut/compiler/rir_builder.h:849:20: warning: '__COUNTER__' is a C2y extension [-Wc2y-extensions]
  849 |         auto* ty = TRY(make_type(TypeKind::Optional, inner));
      |                    ^
/home/hurricane/private/code/Rut/include/core/expected.h:450:34: note: expanded from macro 'TRY'
  450 | #define TRY(expr) TRY_IMPL(expr, __COUNTER__)
      |                                  ^
In file included from /home/hurricane/private/code/Rut/tests/test_integration.cc:11:
/home/hurricane/private/code/Rut/include/rut/compiler/rir_builder.h:850:28: warning: '__COUNTER__' is a C2y extension [-Wc2y-extensions]
  850 |         auto [inst, vid] = TRY(emit(Opcode::OptWrap, ty, loc));
      |                            ^
/home/hurricane/private/code/Rut/include/core/expected.h:450:34: note: expanded from macro 'TRY'
  450 | #define TRY(expr) TRY_IMPL(expr, __COUNTER__)
      |                                  ^
In file included from /home/hurricane/private/code/Rut/tests/test_integration.cc:11:
/home/hurricane/private/code/Rut/include/rut/compiler/rir_builder.h:858:20: warning: '__COUNTER__' is a C2y extension [-Wc2y-extensions]
  858 |         auto* ty = TRY(make_type(TypeKind::Bool));
      |                    ^
/home/hurricane/private/code/Rut/include/core/expected.h:450:34: note: expanded from macro 'TRY'
  450 | #define TRY(expr) TRY_IMPL(expr, __COUNTER__)
      |                                  ^
In file included from /home/hurricane/private/code/Rut/tests/test_integration.cc:11:
/home/hurricane/private/code/Rut/include/rut/compiler/rir_builder.h:859:28: warning: '__COUNTER__' is a C2y extension [-Wc2y-extensions]
  859 |         auto [inst, vid] = TRY(emit(Opcode::OptIsNil, ty, loc));
      |                            ^
/home/hurricane/private/code/Rut/include/core/expected.h:450:34: note: expanded from macro 'TRY'
  450 | #define TRY(expr) TRY_IMPL(expr, __COUNTER__)
      |                                  ^
In file included from /home/hurricane/private/code/Rut/tests/test_integration.cc:11:
/home/hurricane/private/code/Rut/include/rut/compiler/rir_builder.h:874:28: warning: '__COUNTER__' is a C2y extension [-Wc2y-extensions]
  874 |         auto [inst, vid] = TRY(emit(Opcode::Select, then_ty, loc));
      |                            ^
/home/hurricane/private/code/Rut/include/core/expected.h:450:34: note: expanded from macro 'TRY'
  450 | #define TRY(expr) TRY_IMPL(expr, __COUNTER__)
      |                                  ^
In file included from /home/hurricane/private/code/Rut/tests/test_integration.cc:11:
/home/hurricane/private/code/Rut/include/rut/compiler/rir_builder.h:889:28: warning: '__COUNTER__' is a C2y extension [-Wc2y-extensions]
  889 |         auto [inst, vid] = TRY(emit(Opcode::OptUnwrap, inner_type, loc));
      |                            ^
/home/hurricane/private/code/Rut/include/core/expected.h:450:34: note: expanded from macro 'TRY'
  450 | #define TRY(expr) TRY_IMPL(expr, __COUNTER__)
      |                                  ^
In file included from /home/hurricane/private/code/Rut/tests/test_integration.cc:11:
/home/hurricane/private/code/Rut/include/rut/compiler/rir_builder.h:917:28: warning: '__COUNTER__' is a C2y extension [-Wc2y-extensions]
  917 |         auto [inst, vid] = TRY(emit(Opcode::StructField, field_type, loc));
      |                            ^
/home/hurricane/private/code/Rut/include/core/expected.h:450:34: note: expanded from macro 'TRY'
  450 | #define TRY(expr) TRY_IMPL(expr, __COUNTER__)
      |                                  ^
In file included from /home/hurricane/private/code/Rut/tests/test_integration.cc:11:
/home/hurricane/private/code/Rut/include/rut/compiler/rir_builder.h:936:20: warning: '__COUNTER__' is a C2y extension [-Wc2y-extensions]
  936 |         auto* ty = TRY(make_type(TypeKind::Struct, nullptr, sd));
      |                    ^
/home/hurricane/private/code/Rut/include/core/expected.h:450:34: note: expanded from macro 'TRY'
  450 | #define TRY(expr) TRY_IMPL(expr, __COUNTER__)
      |                                  ^
In file included from /home/hurricane/private/code/Rut/tests/test_integration.cc:11:
/home/hurricane/private/code/Rut/include/rut/compiler/rir_builder.h:937:28: warning: '__COUNTER__' is a C2y extension [-Wc2y-extensions]
  937 |         auto [inst, vid] = TRY(emit(Opcode::StructCreate, ty, loc));
      |                            ^
/home/hurricane/private/code/Rut/include/core/expected.h:450:34: note: expanded from macro 'TRY'
  450 | #define TRY(expr) TRY_IMPL(expr, __COUNTER__)
      |                                  ^
In file included from /home/hurricane/private/code/Rut/tests/test_integration.cc:11:
/home/hurricane/private/code/Rut/include/rut/compiler/rir_builder.h:959:28: warning: '__COUNTER__' is a C2y extension [-Wc2y-extensions]
  959 |         auto [inst, vid] = TRY(emit(Opcode::BodyParse, target_type, loc));
      |                            ^
/home/hurricane/private/code/Rut/include/core/expected.h:450:34: note: expanded from macro 'TRY'
  450 | #define TRY(expr) TRY_IMPL(expr, __COUNTER__)
      |                                  ^
In file included from /home/hurricane/private/code/Rut/tests/test_integration.cc:11:
/home/hurricane/private/code/Rut/include/rut/compiler/rir_builder.h:975:27: warning: '__COUNTER__' is a C2y extension [-Wc2y-extensions]
  975 |             auto* inner = TRY(make_type(TypeKind::I64));
      |                           ^
/home/hurricane/private/code/Rut/include/core/expected.h:450:34: note: expanded from macro 'TRY'
  450 | #define TRY(expr) TRY_IMPL(expr, __COUNTER__)
      |                                  ^
In file included from /home/hurricane/private/code/Rut/tests/test_integration.cc:11:
/home/hurricane/private/code/Rut/include/rut/compiler/rir_builder.h:976:29: warning: '__COUNTER__' is a C2y extension [-Wc2y-extensions]
  976 |             opt_i64_cache = TRY(make_type(TypeKind::Optional, inner));
      |                             ^
/home/hurricane/private/code/Rut/include/core/expected.h:450:34: note: expanded from macro 'TRY'
  450 | #define TRY(expr) TRY_IMPL(expr, __COUNTER__)
      |                                  ^
In file included from /home/hurricane/private/code/Rut/tests/test_integration.cc:11:
/home/hurricane/private/code/Rut/include/rut/compiler/rir_builder.h:979:28: warning: '__COUNTER__' is a C2y extension [-Wc2y-extensions]
  979 |         auto [inst, vid] = TRY(emit(Opcode::CacheGet, ty, loc));
      |                            ^
/home/hurricane/private/code/Rut/include/core/expected.h:450:34: note: expanded from macro 'TRY'
  450 | #define TRY(expr) TRY_IMPL(expr, __COUNTER__)
      |                                  ^
In file included from /home/hurricane/private/code/Rut/tests/test_integration.cc:11:
/home/hurricane/private/code/Rut/include/rut/compiler/rir_builder.h:990:20: warning: '__COUNTER__' is a C2y extension [-Wc2y-extensions]
  990 |         auto* ty = TRY(make_type(TypeKind::I64));
      |                    ^
/home/hurricane/private/code/Rut/include/core/expected.h:450:34: note: expanded from macro 'TRY'
  450 | #define TRY(expr) TRY_IMPL(expr, __COUNTER__)
      |                                  ^
In file included from /home/hurricane/private/code/Rut/tests/test_integration.cc:11:
/home/hurricane/private/code/Rut/include/rut/compiler/rir_builder.h:991:28: warning: '__COUNTER__' is a C2y extension [-Wc2y-extensions]
  991 |         auto [inst, vid] = TRY(emit(Opcode::CacheSet, ty, loc));
      |                            ^
/home/hurricane/private/code/Rut/include/core/expected.h:450:34: note: expanded from macro 'TRY'
  450 | #define TRY(expr) TRY_IMPL(expr, __COUNTER__)
      |                                  ^
In file included from /home/hurricane/private/code/Rut/tests/test_integration.cc:11:
/home/hurricane/private/code/Rut/include/rut/compiler/rir_builder.h:1006:18: warning: '__COUNTER__' is a C2y extension [-Wc2y-extensions]
 1006 |         auto r = TRY(emit(Opcode::Br, nullptr, loc));
      |                  ^
/home/hurricane/private/code/Rut/include/core/expected.h:450:34: note: expanded from macro 'TRY'
  450 | #define TRY(expr) TRY_IMPL(expr, __COUNTER__)
      |                                  ^
In file included from /home/hurricane/private/code/Rut/tests/test_integration.cc:11:
/home/hurricane/private/code/Rut/include/rut/compiler/rir_builder.h:1017:18: warning: '__COUNTER__' is a C2y extension [-Wc2y-extensions]
 1017 |         auto r = TRY(emit(Opcode::Jmp, nullptr, loc));
      |                  ^
/home/hurricane/private/code/Rut/include/core/expected.h:450:34: note: expanded from macro 'TRY'
  450 | #define TRY(expr) TRY_IMPL(expr, __COUNTER__)
      |                                  ^
In file included from /home/hurricane/private/code/Rut/tests/test_integration.cc:11:
/home/hurricane/private/code/Rut/include/rut/compiler/rir_builder.h:1035:18: warning: '__COUNTER__' is a C2y extension [-Wc2y-extensions]
 1035 |         auto r = TRY(emit(Opcode::RetStatus, nullptr, loc));
      |                  ^
/home/hurricane/private/code/Rut/include/core/expected.h:450:34: note: expanded from macro 'TRY'
  450 | #define TRY(expr) TRY_IMPL(expr, __COUNTER__)
      |                                  ^
In file included from /home/hurricane/private/code/Rut/tests/test_integration.cc:11:
/home/hurricane/private/code/Rut/include/rut/compiler/rir_builder.h:1128:18: warning: '__COUNTER__' is a C2y extension [-Wc2y-extensions]
 1128 |         auto r = TRY(emit(Opcode::RetStatus, nullptr, loc));
      |                  ^
/home/hurricane/private/code/Rut/include/core/expected.h:450:34: note: expanded from macro 'TRY'
  450 | #define TRY(expr) TRY_IMPL(expr, __COUNTER__)
      |                                  ^
In file included from /home/hurricane/private/code/Rut/tests/test_integration.cc:11:
/home/hurricane/private/code/Rut/include/rut/compiler/rir_builder.h:1160:18: warning: '__COUNTER__' is a C2y extension [-Wc2y-extensions]
 1160 |         auto r = TRY(emit(Opcode::RetForward, nullptr, loc));
      |                  ^
/home/hurricane/private/code/Rut/include/core/expected.h:450:34: note: expanded from macro 'TRY'
  450 | #define TRY(expr) TRY_IMPL(expr, __COUNTER__)
      |                                  ^
In file included from /home/hurricane/private/code/Rut/tests/test_integration.cc:11:
/home/hurricane/private/code/Rut/include/rut/compiler/rir_builder.h:1188:18: warning: '__COUNTER__' is a C2y extension [-Wc2y-extensions]
 1188 |         auto r = TRY(emit(Opcode::RetForwardBundle, nullptr, loc));
      |                  ^
/home/hurricane/private/code/Rut/include/core/expected.h:450:34: note: expanded from macro 'TRY'
  450 | #define TRY(expr) TRY_IMPL(expr, __COUNTER__)
      |                                  ^
In file included from /home/hurricane/private/code/Rut/tests/test_integration.cc:11:
/home/hurricane/private/code/Rut/include/rut/compiler/rir_builder.h:1200:18: warning: '__COUNTER__' is a C2y extension [-Wc2y-extensions]
 1200 |         auto r = TRY(emit(Opcode::RetRedirect, nullptr, loc));
      |                  ^
/home/hurricane/private/code/Rut/include/core/expected.h:450:34: note: expanded from macro 'TRY'
  450 | #define TRY(expr) TRY_IMPL(expr, __COUNTER__)
      |                                  ^
In file included from /home/hurricane/private/code/Rut/tests/test_integration.cc:11:
/home/hurricane/private/code/Rut/include/rut/compiler/rir_builder.h:1211:20: warning: '__COUNTER__' is a C2y extension [-Wc2y-extensions]
 1211 |         auto* ty = TRY(make_type(TypeKind::Str));
      |                    ^
/home/hurricane/private/code/Rut/include/core/expected.h:450:34: note: expanded from macro 'TRY'
  450 | #define TRY(expr) TRY_IMPL(expr, __COUNTER__)
      |                                  ^
In file included from /home/hurricane/private/code/Rut/tests/test_integration.cc:11:
/home/hurricane/private/code/Rut/include/rut/compiler/rir_builder.h:1212:28: warning: '__COUNTER__' is a C2y extension [-Wc2y-extensions]
 1212 |         auto [inst, vid] = TRY(emit(Opcode::YieldHttpGet, ty, loc));
      |                            ^
/home/hurricane/private/code/Rut/include/core/expected.h:450:34: note: expanded from macro 'TRY'
  450 | #define TRY(expr) TRY_IMPL(expr, __COUNTER__)
      |                                  ^
In file included from /home/hurricane/private/code/Rut/tests/test_integration.cc:11:
/home/hurricane/private/code/Rut/include/rut/compiler/rir_builder.h:1230:18: warning: '__COUNTER__' is a C2y extension [-Wc2y-extensions]
 1230 |         auto r = TRY(emit(Opcode::YieldTimer, nullptr, loc));
      |                  ^
/home/hurricane/private/code/Rut/include/core/expected.h:450:34: note: expanded from macro 'TRY'
  450 | #define TRY(expr) TRY_IMPL(expr, __COUNTER__)
      |                                  ^
In file included from /home/hurricane/private/code/Rut/tests/test_integration.cc:11:
/home/hurricane/private/code/Rut/include/rut/compiler/rir_builder.h:711:17: warning: 88 enumeration values not explicitly handled in switch: 'ConstStr', 'ConstI32', 'ConstI64'... [-Wswitch-enum]
  711 |         switch (op) {
      |                 ^~
/home/hurricane/private/code/Rut/include/rut/compiler/rir_builder.h:751:17: warning: 89 enumeration values not explicitly handled in switch: 'ConstStr', 'ConstI32', 'ConstI64'... [-Wswitch-enum]
  751 |         switch (op) {
      |                 ^~
/home/hurricane/private/code/Rut/include/rut/compiler/rir_builder.h:782:17: warning: 87 enumeration values not explicitly handled in switch: 'ConstStr', 'ConstI32', 'ConstI64'... [-Wswitch-enum]
  782 |         switch (op) {
      |                 ^~
In file included from /home/hurricane/private/code/Rut/tests/test_integration.cc:27:
/home/hurricane/private/code/Rut/include/rut/runtime/iouring_event_loop.h:846:88: warning: '&&' within '||' [-Wlogical-op-parentheses]
  846 |              (!complete_content_length_request_policy_is_admitted(c.request_policy_id) &&
      |               ~~~~~~~~~~~~~~~~~~~~~~~~~~~~~~~~~~~~~~~~~~~~~~~~~~~~~~~~~~~~~~~~~~~~~~~~~^~
  847 |                   !bodyless_get_retained_policy ||
      |                   ~~~~~~~~~~~~~~~~~~~~~~~~~~~~~ ~~
/home/hurricane/private/code/Rut/include/rut/runtime/iouring_event_loop.h:846:88: note: place parentheses around the '&&' expression to silence this warning
  846 |              (!complete_content_length_request_policy_is_admitted(c.request_policy_id) &&
      |                                                                                        ^
      |               (
  847 |                   !bodyless_get_retained_policy ||
      |                                                )
/home/hurricane/private/code/Rut/include/rut/runtime/iouring_event_loop.h:4678:34: warning: '&&' within '||' [-Wlogical-op-parentheses]
 4678 |             (!owner.saw_positive && (owner.positive_bytes != 0 || owner.first_copy_begin != 0 ||
      |              ~~~~~~~~~~~~~~~~~~~~^~~~~~~~~~~~~~~~~~~~~~~~~~~~~~~~~~~~~~~~~~~~~~~~~~~~~~~~~~~~~~~
 4679 |                                      owner.expected_copy_end != 0) ||
      |                                      ~~~~~~~~~~~~~~~~~~~~~~~~~~~~~ ~~
/home/hurricane/private/code/Rut/include/rut/runtime/iouring_event_loop.h:4678:34: note: place parentheses around the '&&' expression to silence this warning
 4678 |             (!owner.saw_positive && (owner.positive_bytes != 0 || owner.first_copy_begin != 0 ||
      |                                  ^
      |              (
 4679 |                                      owner.expected_copy_end != 0) ||
      |                                                                   )
/home/hurricane/private/code/Rut/include/rut/runtime/iouring_event_loop.h:4680:33: warning: '&&' within '||' [-Wlogical-op-parentheses]
 4679 |                                      owner.expected_copy_end != 0) ||
      |                                                                    ~~
 4680 |              owner.saw_positive &&
      |              ~~~~~~~~~~~~~~~~~~~^~
 4681 |                  (owner.positive_bytes > received ||
      |                  ~~~~~~~~~~~~~~~~~~~~~~~~~~~~~~~~~~~
 4682 |                   owner.first_copy_begin != header + received - owner.positive_bytes ||
      |                   ~~~~~~~~~~~~~~~~~~~~~~~~~~~~~~~~~~~~~~~~~~~~~~~~~~~~~~~~~~~~~~~~~~~~~
 4683 |                   owner.expected_copy_end != header + received)))
      |                   ~~~~~~~~~~~~~~~~~~~~~~~~~~~~~~~~~~~~~~~~~~~~~
/home/hurricane/private/code/Rut/include/rut/runtime/iouring_event_loop.h:4680:33: note: place parentheses around the '&&' expression to silence this warning
 4680 |              owner.saw_positive &&
      |                                 ^
      |              (
 4681 |                  (owner.positive_bytes > received ||
 4682 |                   owner.first_copy_begin != header + received - owner.positive_bytes ||
 4683 |                   owner.expected_copy_end != header + received)))
      |                                                                
      |                                                                )
/home/hurricane/private/code/Rut/tests/test_integration.cc:4445:94: warning: missing field 'upstream_episode' initializer [-Wmissing-field-initializers]
 4445 |     backend.send_state[0] = {payload, fds[0], 0, sizeof(payload), IoEventType::Send, false, 0};
      |                                                                                              ^
/home/hurricane/private/code/Rut/tests/test_integration.cc:4480:94: warning: missing field 'upstream_episode' initializer [-Wmissing-field-initializers]
 4480 |     backend.send_state[0] = {payload, fds[0], 0, sizeof(payload), IoEventType::Send, false, 0};
      |                                                                                              ^
/home/hurricane/private/code/Rut/tests/test_integration.cc:4978:26: warning: 'io_uring_cqe' may not be used as an array element due to flexible array member [-Wflexible-array-extensions]
 4978 |         io_uring_cqe cqes[4]{};
      |                          ^
/home/hurricane/private/code/Rut/tests/test_integration.cc:26883:9: warning: suspicious concatenation of string literals in an array initialization; did you mean to separate the elements with a comma? [-Wstring-concatenation]
 26882 |         "GET /api HTTP/1.1\r\nHost: client.example\r\nConnection: Upgrade\r\n"
       |                                                                               
       |                                                                               ,
 26883 |         "Upgrade: websocket\r\n\r\n",
       |         ^
/home/hurricane/private/code/Rut/tests/test_integration.cc:26882:9: note: place parentheses around the string literal to silence warning
 26882 |         "GET /api HTTP/1.1\r\nHost: client.example\r\nConnection: Upgrade\r\n"
       |         ^
134 warnings generated.
[78/84] Linking CXX executable tests/test_integration
[79/84] Building CXX object tests/CMakeFiles/test_frontend.dir/test_frontend.cc.o
In file included from /home/hurricane/private/code/Rut/tests/test_frontend.cc:3:
In file included from /home/hurricane/private/code/Rut/include/rut/compiler/analyze.h:3:
In file included from /home/hurricane/private/code/Rut/include/rut/compiler/ast.h:7:
/home/hurricane/private/code/Rut/include/rut/common/rate_limit_key_spec.h:130:21: warning: enumeration values 'Ip', 'Query', and 'Param' not explicitly handled in switch [-Wswitch-enum]
  130 |             switch (k.comps[j].kind) {
      |                     ^~~~~~~~~~~~~~~
In file included from /home/hurricane/private/code/Rut/tests/test_frontend.cc:3:
In file included from /home/hurricane/private/code/Rut/include/rut/compiler/analyze.h:3:
/home/hurricane/private/code/Rut/include/rut/compiler/ast.h:1067:21: warning: enumeration values 'Upstream', 'Import', and 'Using' not explicitly handled in switch [-Wswitch-enum]
 1067 |             switch (items[i].kind) {
      |                     ^~~~~~~~~~~~~
/home/hurricane/private/code/Rut/tests/test_frontend.cc:33145:21: warning: 90 enumeration values not explicitly handled in switch: 'ConstStr', 'ConstI32', 'ConstI64'... [-Wswitch-enum]
 33145 |             switch (block.insts[ii].op) {
       |                     ^~~~~~~~~~~~~~~~~~
3 warnings generated.
[80/84] Linking CXX executable tests/test_frontend
[81/84] Building CXX object tests/CMakeFiles/test_nginx_differential.dir/test_nginx_differential.cc.o
In file included from /home/hurricane/private/code/Rut/tests/test_nginx_differential.cc:2:
In file included from /home/hurricane/private/code/Rut/include/rut/compiler/analyze.h:3:
In file included from /home/hurricane/private/code/Rut/include/rut/compiler/ast.h:7:
/home/hurricane/private/code/Rut/include/rut/common/rate_limit_key_spec.h:130:21: warning: enumeration values 'Ip', 'Query', and 'Param' not explicitly handled in switch [-Wswitch-enum]
  130 |             switch (k.comps[j].kind) {
      |                     ^~~~~~~~~~~~~~~
In file included from /home/hurricane/private/code/Rut/tests/test_nginx_differential.cc:2:
In file included from /home/hurricane/private/code/Rut/include/rut/compiler/analyze.h:3:
/home/hurricane/private/code/Rut/include/rut/compiler/ast.h:1067:21: warning: enumeration values 'Upstream', 'Import', and 'Using' not explicitly handled in switch [-Wswitch-enum]
 1067 |             switch (items[i].kind) {
      |                     ^~~~~~~~~~~~~
/home/hurricane/private/code/Rut/tests/test_nginx_differential.cc:1310:16: warning: unused variable 'stage' [-Wunused-variable]
 1310 |     const auto stage = [&](size_t index) {
      |                ^~~~~
/home/hurricane/private/code/Rut/tests/test_nginx_differential.cc:2069:13: warning: enumeration value 'SpawnFailed' not explicitly handled in switch [-Wswitch-enum]
 2069 |     switch (result.outcome) {
      |             ^~~~~~~~~~~~~~
/home/hurricane/private/code/Rut/tests/test_nginx_differential.cc:2106:21: warning: enumeration value 'None' not explicitly handled in switch [-Wswitch-enum]
 2106 |             switch (stage) {
      |                     ^~~~~
/home/hurricane/private/code/Rut/tests/test_nginx_differential.cc:7215:13: warning: unused function 'log_empty' [-Wunused-function]
 7215 | static bool log_empty(const std::string& path) {
      |             ^~~~~~~~~
6 warnings generated.
[82/84] Linking CXX executable tests/test_nginx_differential
[83/84] Building CXX object tests/CMakeFiles/test_network.dir/test_network.cc.o
In file included from /home/hurricane/private/code/Rut/tests/test_network.cc:5:
In file included from /home/hurricane/private/code/Rut/include/rut/runtime/compile_to_config.h:51:
In file included from /home/hurricane/private/code/Rut/include/rut/compiler/hir.h:14:
In file included from /home/hurricane/private/code/Rut/include/rut/compiler/ast.h:7:
/home/hurricane/private/code/Rut/include/rut/common/rate_limit_key_spec.h:130:21: warning: enumeration values 'Ip', 'Query', and 'Param' not explicitly handled in switch [-Wswitch-enum]
  130 |             switch (k.comps[j].kind) {
      |                     ^~~~~~~~~~~~~~~
In file included from /home/hurricane/private/code/Rut/tests/test_network.cc:5:
In file included from /home/hurricane/private/code/Rut/include/rut/runtime/compile_to_config.h:51:
In file included from /home/hurricane/private/code/Rut/include/rut/compiler/hir.h:14:
/home/hurricane/private/code/Rut/include/rut/compiler/ast.h:1067:21: warning: enumeration values 'Upstream', 'Import', and 'Using' not explicitly handled in switch [-Wswitch-enum]
 1067 |             switch (items[i].kind) {
      |                     ^~~~~~~~~~~~~
In file included from /home/hurricane/private/code/Rut/tests/test_network.cc:10:
/home/hurricane/private/code/Rut/include/rut/runtime/iouring_event_loop.h:846:88: warning: '&&' within '||' [-Wlogical-op-parentheses]
  846 |              (!complete_content_length_request_policy_is_admitted(c.request_policy_id) &&
      |               ~~~~~~~~~~~~~~~~~~~~~~~~~~~~~~~~~~~~~~~~~~~~~~~~~~~~~~~~~~~~~~~~~~~~~~~~~^~
  847 |                   !bodyless_get_retained_policy ||
      |                   ~~~~~~~~~~~~~~~~~~~~~~~~~~~~~ ~~
/home/hurricane/private/code/Rut/include/rut/runtime/iouring_event_loop.h:846:88: note: place parentheses around the '&&' expression to silence this warning
  846 |              (!complete_content_length_request_policy_is_admitted(c.request_policy_id) &&
      |                                                                                        ^
      |               (
  847 |                   !bodyless_get_retained_policy ||
      |                                                )
/home/hurricane/private/code/Rut/include/rut/runtime/iouring_event_loop.h:4678:34: warning: '&&' within '||' [-Wlogical-op-parentheses]
 4678 |             (!owner.saw_positive && (owner.positive_bytes != 0 || owner.first_copy_begin != 0 ||
      |              ~~~~~~~~~~~~~~~~~~~~^~~~~~~~~~~~~~~~~~~~~~~~~~~~~~~~~~~~~~~~~~~~~~~~~~~~~~~~~~~~~~~
 4679 |                                      owner.expected_copy_end != 0) ||
      |                                      ~~~~~~~~~~~~~~~~~~~~~~~~~~~~~ ~~
/home/hurricane/private/code/Rut/include/rut/runtime/iouring_event_loop.h:4678:34: note: place parentheses around the '&&' expression to silence this warning
 4678 |             (!owner.saw_positive && (owner.positive_bytes != 0 || owner.first_copy_begin != 0 ||
      |                                  ^
      |              (
 4679 |                                      owner.expected_copy_end != 0) ||
      |                                                                   )
/home/hurricane/private/code/Rut/include/rut/runtime/iouring_event_loop.h:4680:33: warning: '&&' within '||' [-Wlogical-op-parentheses]
 4679 |                                      owner.expected_copy_end != 0) ||
      |                                                                    ~~
 4680 |              owner.saw_positive &&
      |              ~~~~~~~~~~~~~~~~~~~^~
 4681 |                  (owner.positive_bytes > received ||
      |                  ~~~~~~~~~~~~~~~~~~~~~~~~~~~~~~~~~~~
 4682 |                   owner.first_copy_begin != header + received - owner.positive_bytes ||
      |                   ~~~~~~~~~~~~~~~~~~~~~~~~~~~~~~~~~~~~~~~~~~~~~~~~~~~~~~~~~~~~~~~~~~~~~
 4683 |                   owner.expected_copy_end != header + received)))
      |                   ~~~~~~~~~~~~~~~~~~~~~~~~~~~~~~~~~~~~~~~~~~~~~
/home/hurricane/private/code/Rut/include/rut/runtime/iouring_event_loop.h:4680:33: note: place parentheses around the '&&' expression to silence this warning
 4680 |              owner.saw_positive &&
      |                                 ^
      |              (
 4681 |                  (owner.positive_bytes > received ||
 4682 |                   owner.first_copy_begin != header + received - owner.positive_bytes ||
 4683 |                   owner.expected_copy_end != header + received)))
      |                                                                
      |                                                                )
/home/hurricane/private/code/Rut/tests/test_network.cc:7218:9: warning: suspicious concatenation of string literals in an array initialization; did you mean to separate the elements with a comma? [-Wstring-concatenation]
 7217 |         "GET /api HTTP/1.1\r\nHost: example.test\r\nConnection: close\r\n\r\nGET /next "
      |                                                                                         
      |                                                                                         ,
 7218 |         "HTTP/1.1\r\n",
      |         ^
/home/hurricane/private/code/Rut/tests/test_network.cc:7217:9: note: place parentheses around the string literal to silence warning
 7217 |         "GET /api HTTP/1.1\r\nHost: example.test\r\nConnection: close\r\n\r\nGET /next "
      |         ^
/home/hurricane/private/code/Rut/tests/test_network.cc:9440:28: warning: 'io_uring_cqe' may not be used as an array element due to flexible array member [-Wflexible-array-extensions]
 9440 |     io_uring_cqe cq_entries[8]{};
      |                            ^
/home/hurricane/private/code/Rut/tests/test_network.cc:10526:62: warning: missing field 'raw_value' initializer [-Wmissing-field-initializers]
 10526 |         parsed.headers[0] = {{"content-length", 14}, {"9", 1}};
       |                                                              ^
/home/hurricane/private/code/Rut/tests/test_network.cc:28351:83: warning: missing field 'upstream_episode' initializer [-Wmissing-field-initializers]
 28351 |         reinterpret_cast<const u8*>(0x1000), 7, 0, 16, IoEventType::Send, false, 0};
       |                                                                                   ^
/home/hurricane/private/code/Rut/tests/test_network.cc:28530:97: warning: missing field 'upstream_episode' initializer [-Wmissing-field-initializers]
 28530 |     loop->backend.send_state[cid] = {down, dfds[0], 0, sizeof(down), IoEventType::Send, false, 0};
       |                                                                                                 ^
/home/hurricane/private/code/Rut/tests/test_network.cc:28564:73: warning: missing field 'upstream_episode' initializer [-Wmissing-field-initializers]
 28564 |         down, dfds[0], 0, sizeof(down), IoEventType::Send, true, EPOLLIN};
       |                                                                         ^
/home/hurricane/private/code/Rut/tests/test_network.cc:28567:74: warning: missing field 'upstream_episode' initializer [-Wmissing-field-initializers]
 28567 |         down, dfds[0], 0, sizeof(down), IoEventType::Send, true, EPOLLOUT};
       |                                                                          ^
/home/hurricane/private/code/Rut/tests/test_network.cc:70862:28: warning: 'io_uring_cqe' may not be used as an array element due to flexible array member [-Wflexible-array-extensions]
 70862 |     io_uring_cqe cq_entries[8]{};
       |                            ^
/home/hurricane/private/code/Rut/tests/test_network.cc:79160:28: warning: 'io_uring_cqe' may not be used as an array element due to flexible array member [-Wflexible-array-extensions]
 79160 |     io_uring_cqe cq_entries[8]{};
       |                            ^
14 warnings generated.
[84/84] Linking CXX executable tests/test_network
